#Selection names: PER_6_1_1, PER_6_1_2, PER_6_1_3, PER_6_1_4, PER_6_1_5, PER_6_1_6, PER_6_1_7, PER_6_1_8, PER_6_1_9, PER_6_1_10, PER_6_1_11, PER_6_1_12, PER_6_2_1, PER_6_2_2, PER_6_2_3, PER_6_2_4, PER_6_2_5, PER_6_2_6, PER_6_2_7, PER_6_2_8, PER_6_2_9, PER_6_2_10, PER_6_2_11, PER_6_3_1, PER_6_3_2, PER_6_3_3, PER_6_3_4, PER_6_3_5, PER_6_3_6, PER_6_3_7, PER_6_3_8, PER_6_3_9, PER_6_3_10, PER_6_3_11, PER_6_3_12, PER_6_4_1, PER_6_4_2, PER_6_4_3, PER_6_4_4, PER_6_4_5, PER_6_4_6, PER_6_4_7, PER_6_4_8, PER_6_4_9, PER_6_4_10, PER_6_4_11, PER_6_5_1, PER_6_5_2, PER_6_5_3, PER_6_5_4, PER_6_5_5, PER_6_5_6, PER_6_5_7, PER_6_5_8, PER_6_5_9, PER_6_5_10, PER_6_5_11, PER_6_5_12, PER_6_6_1, PER_6_6_2, PER_6_6_3, PER_6_6_4, PER_6_6_5, PER_6_6_6, PER_6_6_7, PER_6_6_8, PER_6_6_9, PER_6_6_10, PER_6_6_11, PER_6_6_12, PER_6_7_1, PER_6_7_2, PER_6_7_3, PER_6_7_4, PER_6_7_5, PER_6_7_6, PER_6_7_7, PER_6_7_8, PER_6_7_9, PER_6_7_10, PER_6_7_11, PER_6_7_12
#Areas (µm^2): 2070994.4, 1117613.7, 1320857.7, 1364781.4, 1473674.9, 1178000.2, 1419536.5, 1601622.1, 1524474.3, 1141640.7, 1461196.7, 1030841.9, 1338025.0, 1610234.0, 1617123.0, 1632735.3, 1774852.0, 1785326.8, 1385678.1, 1418889.2, 1785700.0, 1610516.5, 1684740.1, 1466171.5, 1374858.8, 1510182.4, 1645651.1, 1669286.2, 1577486.7, 1496331.3, 1293887.7, 1524503.7, 1481352.9, 1618669.5, 767519.2, 1519807.2, 1354237.4, 1736253.0, 1512629.9, 1481756.8, 1527105.9, 1642472.2, 1488058.4, 1722028.1, 1624017.4, 1723679.9, 1294365.5, 1094767.1, 1804128.0, 1278971.6, 1169014.8, 1232866.9, 1420991.2, 1694753.9, 1385389.8, 1460105.0, 1257739.8, 794132.7, 1618919.9, 1369806.0, 1496942.1, 1423864.7, 1508297.5, 1324105.8, 1390375.2, 1460417.3, 1411327.9, 1479362.2, 1254459.2, 650910.1, 1795909.7, 1762628.8, 1558598.2, 1326583.9, 1965467.3, 1672937.8, 1758493.3, 1191280.8, 1319232.0, 1628447.3, 1508326.2, 808330.4
Selection,X,Y
PER_6_1_1,2195.6387390318123,319.8351871682048
PER_6_1_1,2338.4418116458583,985.4427290133224
PER_6_1_1,2171.434828419262,1670.4133993485402
PER_6_1_1,1505.82728657412,1709.1396563286166
PER_6_1_1,806.3342698714114,1578.4385390208008
PER_6_1_1,755.506057585053,939.4552988494918
PER_6_1_1,859.5828732190203,276.26814806562834
PER_6_1_1,1559.0758899217308,201.23602516672008
PER_6_1_1,2195.6387390318123,319.8351871682048
PER_6_1_2,1953.9883544736513,1775.530957048651
PER_6_1_2,2129.7791633152083,2145.269640589731
PER_6_1_2,2028.7996665604878,2893.5111575263472
PER_6_1_2,1580.1858367157456,2939.8624019383506
PER_6_1_2,1110.0517862511406,2857.0923226311784
PER_6_1_2,1026.9785780129696,2324.959727953552
PER_6_1_2,1149.7814243185749,1834.054142394842
PER_6_1_2,1595.0844509910312,1731.4192440539828
PER_6_1_2,1953.9883544736513,1775.530957048651
PER_6_1_3,1990.7254300791938,3004.4230637979254
PER_6_1_3,2143.02237600435,3608.644642740107
PER_6_1_3,1952.6511935979106,4242.66345023286
PER_6_1_3,1002.450683151852,4244.318851819003
PER_6_1_3,994.1736752211364,2986.213646350354
PER_6_1_3,1990.7254300791938,3004.4230637979254
PER_6_1_4,1922.8539650473394,4300.602505747864
PER_6_1_4,2071.840107800206,4835.297218072039
PER_6_1_4,1904.644547599768,5467.660623978649
PER_6_1_4,838.5659261236979,5467.660623978649
PER_6_1_4,848.4983356405573,4295.636300989434
PER_6_1_4,1538.8007970621711,4259.217466094289
PER_6_1_4,1922.8539650473394,4300.602505747864
PER_6_1_5,1969.2052094593455,5606.714357214658
PER_6_1_5,1969.2052094593455,6917.792413439881
PER_6_1_5,845.1875324682751,6917.792413439881
PER_6_1_5,845.1875324682751,5606.714357214658
PER_6_1_5,1969.2052094593455,5606.714357214658
PER_6_1_6,1924.0234727677853,6968.909011523004
PER_6_1_6,1924.0234727677653,8036.301469536483
PER_6_1_6,1410.9005677816967,8099.231637129113
PER_6_1_6,851.7902326317944,8009.677167862676
PER_6_1_6,866.3125789993264,6966.488620461747
PER_6_1_6,1420.582132026735,6942.284709849196
PER_6_1_6,1924.0234727677853,6968.909011523004
PER_6_1_7,1955.8536703021346,8120.058538593212
PER_6_1_7,1955.8536703021346,9398.028563095577
PER_6_1_7,845.0792060002095,9398.028563095577
PER_6_1_7,845.0792060002095,8120.058538593212
PER_6_1_7,1955.8536703021346,8120.058538593212
PER_6_1_8,1939.2996544407051,9462.58922495515
PER_6_1_8,1939.2996544407051,10730.626839940658
PER_6_1_8,676.2282442136257,10730.626839940658
PER_6_1_8,676.2282442136257,9462.58922495515
PER_6_1_8,1939.2996544407051,9462.58922495515
PER_6_1_9,1779.4334320321304,10839.82209243751
PER_6_1_9,1830.261644318487,11517.531589588929
PER_6_1_9,1796.3761694609111,12120.208963841436
PER_6_1_9,624.9068958134667,12144.412874453981
PER_6_1_9,624.906895813463,10849.503656682533
PER_6_1_9,1779.4334320321304,10839.82209243751
PER_6_1_10,1899.6108077280496,12199.885796186452
PER_6_1_10,1899.6108077280496,13344.730768160094
PER_6_1_10,902.4096904909657,13344.730768160094
PER_6_1_10,902.4096904909657,12199.885796186452
PER_6_1_10,1899.6108077280496,12199.885796186452
PER_6_1_11,1831.8398580129033,13468.170712284104
PER_6_1_11,1870.85050425591,13857.026804308345
PER_6_1_11,1831.8398580129033,14697.72937140167
PER_6_1_11,1446.2611473014276,14748.467725762686
PER_6_1_11,1211.896803356689,14687.329201255365
PER_6_1_11,672.4725396717349,14697.72937140167
PER_6_1_11,672.4725396717331,13468.170712284104
PER_6_1_11,1831.8398580129033,13468.170712284104
PER_6_1_12,1817.6019009082993,14747.730714850204
PER_6_1_12,1817.6019009082993,15626.332670085794
PER_6_1_12,658.4805663516072,15623.70252712988
PER_6_1_12,663.4467711100369,15072.453798944276
PER_6_1_12,671.7237790407507,14731.44107219882
PER_6_1_12,929.3180166807688,14709.64711411683
PER_6_1_12,1210.0833797863543,14697.54515881055
PER_6_1_12,1493.2691339531975,14774.997672770714
PER_6_1_12,1817.6019009082993,14747.730714850204
PER_6_2_1,3499.2462823422484,488.30220451765376
PER_6_2_1,3487.1927842559544,1741.8660054921647
PER_6_2_1,2999.026111761068,1788.0710814896406
PER_6_2_1,2408.4047055326846,1651.4647698449785
PER_6_2_1,2418.4492872712635,514.4181170379572
PER_6_2_1,3499.2462823422484,488.30220451765376
PER_6_2_2,3372.684552436165,1818.2048267053642
PER_6_2_2,3491.2106169513854,2461.058057974362
PER_6_2_2,3384.7380505224573,3017.5278862915497
PER_6_2_2,2858.401967420974,3093.866707504774
PER_6_2_2,2217.5576524996977,3067.7507949844694
PER_6_2_2,2093.0048389413296,2501.2363849286753
PER_6_2_2,2193.450656327106,1848.3385719211074
PER_6_2_2,2788.089895250927,1794.0978305327876
PER_6_2_2,3372.684552436165,1818.2048267053642
PER_6_2_3,3473.1303698219417,3109.9380382864983
PER_6_2_3,3467.1036207787974,4393.63558447676
PER_6_2_3,2193.450656327115,4377.564253695035
PER_6_2_3,2205.5041544134074,3115.964787329645
PER_6_2_3,3473.1303698219417,3109.9380382864983
PER_6_2_4,3422.9074611290534,4427.787162387925
PER_6_2_4,3414.8717957381896,5633.136971017278
PER_6_2_4,2820.232556814375,5649.208301799003
PER_6_2_4,2095.0137552890465,5635.1458873649935
PER_6_2_4,2095.0137552890465,4403.6801662153375
PER_6_2_4,2896.5713780275673,4403.6801662153375
PER_6_2_4,3422.9074611290534,4427.787162387925
PER_6_2_5,3352.5953889590055,5663.270716233012
PER_6_2_5,3354.6043053067215,7025.315999984181
PER_6_2_5,2042.7819302484422,7009.244669202458
PER_6_2_5,2042.7819302484422,5663.270716233012
PER_6_2_5,3352.5953889590055,5663.270716233012
PER_6_2_6,3286.3011494843895,7047.414079809053
PER_6_2_6,3276.2565677458124,8417.495028951085
PER_6_2_6,1972.469858078388,8403.432614517074
PER_6_2_6,1972.4698580783952,7045.405163461337
PER_6_2_6,3286.3011494843895,7047.414079809053
PER_6_2_7,3157.730503230595,8457.673355905397
PER_6_2_7,3193.680883147541,8984.023790074018
PER_6_2_7,3193.890997489475,9616.818088537295
PER_6_2_7,1978.4966071215422,9590.702176016988
PER_6_2_7,1978.4966071215367,8453.65552320997
PER_6_2_7,3157.730503230595,8457.673355905397
PER_6_2_8,3151.703754187446,9642.934001057594
PER_6_2_8,3141.659172448868,10856.31947507781
PER_6_2_8,1972.4698580783897,10848.28380968695
PER_6_2_8,1972.4698580783897,9644.942917405311
PER_6_2_8,3151.703754187446,9642.934001057594
PER_6_2_9,3195.8999138371855,10886.453220293544
PER_6_2_9,3195.8999138371855,12252.51633674014
PER_6_2_9,2315.9945535377537,12280.641165608162
PER_6_2_9,1837.8724627814463,11995.375044232547
PER_6_2_9,1836.456403705366,11619.322295250338
PER_6_2_9,1862.5619797305662,11053.243488809221
PER_6_2_9,2167.585025919705,10873.252412003916
PER_6_2_9,3195.8999138371855,10886.453220293544
PER_6_2_10,3169.25316301589,12296.045812832272
PER_6_2_10,3169.25316301589,13603.850355195122
PER_6_2_10,1937.787441866234,13603.850355195122
PER_6_2_10,1937.787441866234,12296.045812832272
PER_6_2_10,3169.25316301589,12296.045812832272
PER_6_2_11,3006.5309388509268,13631.97518406314
PER_6_2_11,3091.8216557153783,14281.521112522772
PER_6_2_11,3080.8608437164003,15056.296874593492
PER_6_2_11,1885.5556168256298,15048.261209202632
PER_6_2_11,1885.5556168256298,13625.948435019993
PER_6_2_11,3006.5309388509268,13631.97518406314
PER_6_3_1,4853.51022813058,479.66008421033075
PER_6_3_1,4881.5762658664435,1032.9619710027844
PER_6_3_1,4853.51022813058,1642.3959332669301
PER_6_3_1,3606.5762658664453,1642.3959332669347
PER_6_3_1,3606.5762658664453,479.6600842103305
PER_6_3_1,4853.51022813058,479.66008421033075
PER_6_3_2,4556.303749916218,1706.6713891927852
PER_6_3_2,4708.6622404823875,2243.9355401362154
PER_6_3_2,4574.346202746539,2941.5770495701763
PER_6_3_2,3543.921674444653,2939.572332589045
PER_6_3_2,3468.0032246631845,2161.0063172012997
PER_6_3_2,3622.105636708803,1782.8506344757773
PER_6_3_2,4057.12922161446,1666.577049570135
PER_6_3_2,4556.303749916218,1706.6713891927852
PER_6_3_3,4753.797493248759,2954.884883770207
PER_6_3_3,4753.797493248759,4255.946204524925
PER_6_3_3,3593.066361173289,4255.946204524923
PER_6_3_3,3593.066361173289,2954.884883770207
PER_6_3_3,4753.797493248759,2954.884883770207
PER_6_3_4,4773.3141831448065,4300.860333026861
PER_6_3_4,4773.314183144806,5605.931087743841
PER_6_3_4,3512.347202012731,5605.931087743841
PER_6_3_4,3512.347202012732,4300.860333026861
PER_6_3_4,4773.3141831448065,4300.860333026861
PER_6_3_5,4761.285881258015,5662.06316321554
PER_6_3_5,4761.285881258015,6963.124483970257
PER_6_3_5,3478.2670133334877,6963.124483970256
PER_6_3_5,3478.2670133334877,5662.06316321554
PER_6_3_5,4761.285881258015,5662.06316321554
PER_6_3_6,4683.101918993861,7029.280144347615
PER_6_3_6,4683.101918993861,8230.105616045726
PER_6_3_6,3392.0641831448056,8230.105616045726
PER_6_3_6,3392.064183144803,7029.280144347614
PER_6_3_6,4043.597202012733,6987.181087743841
PER_6_3_6,4683.101918993861,7029.280144347615
PER_6_3_7,4354.328334088205,8298.26599340422
PER_6_3_7,4508.691541635372,8865.600899064597
PER_6_3_7,4414.469843522166,9505.105616045726
PER_6_3_7,3905.271730314621,9639.421653781577
PER_6_3_7,3347.9604095599043,9495.082031140066
PER_6_3_7,3277.7953152202826,9232.464106611766
PER_6_3_7,3225.6726737108493,8931.756559441954
PER_6_3_7,3361.9934284278306,8300.27071038535
PER_6_3_7,3909.281164276883,8240.129200951393
PER_6_3_7,4354.328334088205,8298.26599340422
PER_6_3_8,4278.149088805183,9623.383917932522
PER_6_3_8,4422.488711446435,10174.68108774384
PER_6_3_8,4308.21984352216,10768.07731415893
PER_6_3_8,3237.700975597635,10770.082031140068
PER_6_3_8,3197.606635974992,10188.714106611766
PER_6_3_8,3233.691541635374,9683.525427366483
PER_6_3_8,3554.4462586165055,9583.28957830988
PER_6_3_8,3983.455692578771,9673.501842460826
PER_6_3_8,4278.149088805183,9623.383917932522
PER_6_3_9,4438.526447295743,10854.280144347598
PER_6_3_9,4486.639654842916,11429.633917932522
PER_6_3_9,4450.55474918254,12119.256559441954
PER_6_3_9,3261.7575793712203,12117.25184246082
PER_6_3_9,3257.7481454089493,10854.28014434761
PER_6_3_9,4438.526447295743,10854.280144347598
PER_6_3_10,4481.155232555202,12179.501951629434
PER_6_3_10,4479.992185583647,13109.952511967564
PER_6_3_10,4297.5863990535545,13434.379040033211
PER_6_3_10,3856.139150355987,13439.017849230502
PER_6_3_10,3565.4647691070595,13408.853526648069
PER_6_3_10,3243.2549597037623,13237.465330156956
PER_6_3_10,3250.2590061401124,12179.501951629438
PER_6_3_10,4481.155232555202,12179.501951629434
PER_6_3_11,4415.8873150845275,13600.177193332485
PER_6_3_11,4409.873164141134,14752.889457483434
PER_6_3_11,3170.3651653175702,14757.264196264958
PER_6_3_11,3097.4774385733863,14193.67487317873
PER_6_3_11,3100.792975461889,13860.790400879661
PER_6_3_11,3315.2976924430213,13505.955495219285
PER_6_3_11,3564.336443219895,13426.258823490407
PER_6_3_11,3669.1753000048293,13423.626885663169
PER_6_3_11,3773.575500485221,13433.71598066758
PER_6_3_11,3858.881772924139,13442.974471970258
PER_6_3_11,4063.057126405286,13457.842287672112
PER_6_3_11,4415.8873150845275,13600.177193332485
PER_6_3_12,4430.120413579324,14812.452760703334
PER_6_3_12,4430.120413579324,15450.016851650285
PER_6_3_12,3226.289721425732,15450.016851650285
PER_6_3_12,3226.289721425732,14812.452760703334
PER_6_3_12,4430.120413579324,14812.452760703334
PER_6_4_1,6081.201439867018,542.6696665119916
PER_6_4_1,6078.270308773385,1873.403182989909
PER_6_4_1,4935.129182283542,1873.40318298991
PER_6_4_1,4935.129182283579,548.5319286991187
PER_6_4_1,6081.201439867018,542.6696665119916
PER_6_4_2,5954.800845048133,1894.4511017796738
PER_6_4_2,5954.800845048133,3051.172799892881
PER_6_4_2,4784.0461280670015,3051.172799892881
PER_6_4_2,4784.0461280670015,1894.4511017796735
PER_6_4_2,5954.800845048133,1894.4511017796738
PER_6_4_3,6008.928203538698,3095.2765734777868
PER_6_4_3,6004.918769576433,4564.734120647598
PER_6_4_3,4822.1357507085095,4556.715252723068
PER_6_4_3,4822.1357507085095,3095.2765734777863
PER_6_4_3,6008.928203538698,3095.2765734777868
PER_6_4_4,6087.112165802849,4614.852045175899
PER_6_4_4,6087.112165802848,5841.738837628728
PER_6_4_4,4854.211222406621,5841.738837628727
PER_6_4_4,4854.211222406622,4614.852045175898
PER_6_4_4,6087.112165802849,4614.852045175899
PER_6_4_5,6026.970656368876,5875.819026307974
PER_6_4_5,6026.9706563688815,7070.630347062689
PER_6_4_5,4792.064995991526,7088.672799892879
PER_6_4_5,4800.083863916047,5875.819026307972
PER_6_4_5,6026.970656368876,5875.819026307974
PER_6_4_6,5954.800845048128,7124.757705553257
PER_6_4_6,5954.800845048128,8379.710535741935
PER_6_4_6,4737.937637500961,8379.710535741935
PER_6_4_6,4737.937637500961,7124.757705553257
PER_6_4_6,5954.800845048128,7124.757705553257
PER_6_4_7,5884.63575070851,8461.90393196835
PER_6_4_7,5884.63575070851,9710.842611213633
PER_6_4_7,4569.541411085868,9710.842611213633
PER_6_4_7,4569.541411085868,8461.90393196835
PER_6_4_7,5884.63575070851,8461.90393196835
PER_6_4_8,5736.286694104735,9734.89921498722
PER_6_4_8,5736.286694104734,10949.757705553257
PER_6_4_8,4511.404618633036,10949.757705553257
PER_6_4_8,4511.404618633037,9734.89921498722
PER_6_4_8,5736.286694104735,9734.89921498722
PER_6_4_9,5882.631033727372,11017.91808291174
PER_6_4_9,5862.583863916053,12278.885064043814
PER_6_4_9,5279.211222406616,12304.946384798524
PER_6_4_9,4521.428203538693,12280.889781024947
PER_6_4_9,4521.428203538693,11017.91808291174
PER_6_4_9,5882.631033727372,11017.91808291174
PER_6_4_10,5812.46593938775,12339.026573477782
PER_6_4_10,5812.46593938775,13654.120913100425
PER_6_4_10,4577.560279010393,13654.120913100425
PER_6_4_10,4577.560279010393,12339.026573477782
PER_6_4_10,5812.46593938775,12339.026573477782
PER_6_4_11,5788.409335614169,13726.290724421171
PER_6_4_11,5794.4234865575645,15143.625630081558
PER_6_4_11,4571.546128066987,15139.616196119292
PER_6_4_11,4575.5555620292635,13726.290724421171
PER_6_4_11,5788.409335614169,13726.290724421171
PER_6_5_1,7170.193730365817,581.1967687044178
PER_6_5_1,7170.193730365816,1835.7208767496804
PER_6_5_1,6138.435585431394,1835.7208767496802
PER_6_5_1,6138.435585431394,581.1967687044175
PER_6_5_1,7170.193730365817,581.1967687044178
PER_6_5_2,7164.331468178689,1888.481236433827
PER_6_5_2,7164.331468178689,2949.5506923038856
PER_6_5_2,6132.573323244267,2949.5506923038856
PER_6_5_2,6132.573323244267,1888.4812364338268
PER_6_5_2,7164.331468178689,1888.481236433827
PER_6_5_3,7317.509728825338,2997.99784051323
PER_6_5_3,7319.27631497451,4393.982869347791
PER_6_5_3,6030.243296106585,4397.992303310057
PER_6_5_3,6032.248013087718,2990.6809825553405
PER_6_5_3,7317.509728825338,2997.99784051323
PER_6_5_4,7186.964994219793,4454.124378781755
PER_6_5_4,7186.964994219793,5705.0677750081695
PER_6_5_4,6164.559333842435,5705.0677750081695
PER_6_5_4,6164.559333842436,4454.124378781755
PER_6_5_4,7186.964994219793,4454.124378781755
PER_6_5_5,7066.68197535187,5759.195133498735
PER_6_5_5,7066.6819753518685,6974.0536240647725
PER_6_5_5,6104.417824408472,6974.0536240647725
PER_6_5_5,6104.4178244084715,5759.195133498736
PER_6_5_5,7066.68197535187,5759.195133498735
PER_6_5_6,7102.766881012244,7072.284756140244
PER_6_5_6,7102.766881012244,8216.978152366653
PER_6_5_6,6000.172541389603,8216.978152366653
PER_6_5_6,6000.172541389603,7531.364944819489
PER_6_5_6,6132.4838621443205,7070.280039159113
PER_6_5_6,7102.766881012244,7072.284756140244
PER_6_5_7,7110.7857489367725,8255.067775008167
PER_6_5_7,7110.7857489367725,9487.968718404394
PER_6_5_7,5934.016881012246,9487.968718404394
PER_6_5_7,5921.988579125453,8605.89324670628
PER_6_5_7,6078.356503653753,8313.204567460998
PER_6_5_7,6475.290465917906,8247.048907083637
PER_6_5_7,7110.7857489367725,8255.067775008167
PER_6_5_8,7120.809333842428,9542.096076894959
PER_6_5_8,7120.809333842428,10861.199850479865
PER_6_5_8,5789.677258370735,10861.199850479865
PER_6_5_8,5785.667824408445,9918.98286934779
PER_6_5_8,5946.045182899037,9698.464001423261
PER_6_5_8,6224.700843276396,9542.096076894959
PER_6_5_8,7120.809333842428,9542.096076894959
PER_6_5_9,6978.47442818203,10907.3083410459
PER_6_5_9,6968.450843276395,12210.374378781751
PER_6_5_9,5897.931975351868,12192.331925951556
PER_6_5_9,5907.955560257525,10907.30834104589
PER_6_5_9,6978.47442818203,10907.3083410459
PER_6_5_10,7014.559333842432,12258.48758632892
PER_6_5_10,7002.53103195564,13525.46871840439
PER_6_5_10,5825.762164031113,13507.426265574199
PER_6_5_10,5821.752730068846,12529.124378781748
PER_6_5_10,5990.14895648394,12320.633812744003
PER_6_5_10,6214.677258370735,12250.46871840439
PER_6_5_10,7014.559333842432,12258.48758632892
PER_6_5_11,7049.534579329613,13537.806094214597
PER_6_5_11,7049.534579329613,14574.244773459879
PER_6_5_11,5840.690239706972,14574.244773459879
PER_6_5_11,5840.690239706972,13537.806094214597
PER_6_5_11,6426.067598197538,13529.787226290067
PER_6_5_11,7049.534579329613,13537.806094214597
PER_6_5_12,7055.548730273009,14586.273075346671
PER_6_5_12,7055.548730273009,15237.806094214597
PER_6_5_12,5836.680805744707,15237.806094214593
PER_6_5_12,5836.680805744708,14586.273075346668
PER_6_5_12,7055.548730273009,14586.273075346671
PER_6_6_1,8486.456130986959,684.6750135128602
PER_6_6_1,8488.612398254278,1745.6307324699324
PER_6_6_1,8143.103370279365,1983.8939281635949
PER_6_6_1,7489.076436318088,1984.2031019855556
PER_6_6_1,7205.2575829288035,1674.3332427296157
PER_6_6_1,7200.248672188866,804.0790090089993
PER_6_6_1,7573.1551208209885,613.3863715801251
PER_6_6_1,7889.900403839855,613.3863715800833
PER_6_6_1,8486.456130986959,684.6750135128602
PER_6_6_2,8437.642821843194,2061.2244949833484
PER_6_6_2,8444.49834970284,3182.7888528212084
PER_6_6_2,7535.455355513966,3180.0466416773374
PER_6_6_2,7232.891772732713,2882.270819391051
PER_6_6_2,7217.597533076165,2172.0445653398265
PER_6_6_2,7416.407841005861,1992.4297354170935
PER_6_6_2,7734.415137929858,1987.9830095447455
PER_6_6_2,7995.751290117729,1987.0392267444763
PER_6_6_2,8152.69153313169,2010.2541078521576
PER_6_6_2,8437.642821843194,2061.2244949833484
PER_6_6_3,8591.651653831832,3236.939042706452
PER_6_6_3,8641.76957836013,3563.707910630981
PER_6_6_3,8605.684672699757,3802.2692313856987
PER_6_6_3,8461.34505005824,4106.986212517774
PER_6_6_3,8467.359201001644,4487.882438932867
PER_6_6_3,7354.7412764733435,4487.882438932864
PER_6_6_3,7354.74127647334,3236.939042706453
PER_6_6_3,8591.651653831832,3236.939042706452
PER_6_6_4,8319.010144397871,4523.967344593246
PER_6_6_4,8319.010144397871,5813.000363461169
PER_6_6_4,7214.411087794098,5813.000363461169
PER_6_6_4,7214.411087794098,4523.967344593246
PER_6_6_4,8319.010144397871,4523.967344593246
PER_6_6_5,8337.052597228061,5835.05225025362
PER_6_6_5,8337.052597228061,7110.052250253618
PER_6_6_5,7469.010144397873,7110.052250253618
PER_6_6_5,7094.128068926173,6891.538099310224
PER_6_6_5,7084.104484020512,6077.623004970603
PER_6_6_5,7450.967691567684,5831.042816291358
PER_6_6_5,8337.052597228061,5835.05225025362
PER_6_6_6,8304.977125529946,7182.2220615743745
PER_6_6_6,8312.995993454473,8322.906023838525
PER_6_6_6,7148.255427416738,8324.910740819658
PER_6_6_6,7158.279012322399,7174.203193649846
PER_6_6_6,8304.977125529946,7182.2220615743745
PER_6_6_7,8292.948823643152,8379.038099310223
PER_6_6_7,8292.948823643152,9621.962627612109
PER_6_6_7,7174.3167481714545,9621.962627612109
PER_6_6_7,7174.316748171455,8379.038099310223
PER_6_6_7,8292.948823643152,8379.038099310223
PER_6_6_8,8241.324966125194,9898.644515672535
PER_6_6_8,8299.708769921122,9976.246885431465
PER_6_6_8,8355.875363673,10000.318282753698
PER_6_6_8,8368.314047068845,10038.763657684953
PER_6_6_8,8363.913398044893,10078.3694989005
PER_6_6_8,8412.71316261631,10226.338747363548
PER_6_6_8,8457.650057947543,10427.213737320759
PER_6_6_8,8494.979496932043,10615.732729791362
PER_6_6_8,8420.939796047882,10843.336254731563
PER_6_6_8,8270.023881397392,11055.90992669373
PER_6_6_8,8051.181328767951,11144.950100775612
PER_6_6_8,7917.191074859627,11134.690510124128
PER_6_6_8,7881.2825075794335,11126.688029415975
PER_6_6_8,7860.965869082713,11109.471247056925
PER_6_6_8,7782.174861886129,11102.885779104538
PER_6_6_8,7721.147882919091,11068.423764880448
PER_6_6_8,7624.505013472846,11055.90992669373
PER_6_6_8,7207.523881397401,10837.395775750334
PER_6_6_8,7188.349767039375,9820.429608744183
PER_6_6_8,8043.885763767431,9810.893759069084
PER_6_6_8,8241.324966125194,9898.644515672535
PER_6_6_9,8347.820610195842,11096.560345488127
PER_6_6_9,8347.820610195842,12226.351336757565
PER_6_6_9,7108.500794741434,12241.9592605018
PER_6_6_9,7105.376034030487,11168.178005743655
PER_6_6_9,7306.776614731089,11042.14001781592
PER_6_6_9,7411.256973169344,11061.868309864916
PER_6_6_9,7505.1688887131,11019.431047760252
PER_6_6_9,7556.261650157479,11025.997185777192
PER_6_6_9,7603.045383528235,11050.00462790166
PER_6_6_9,7665.569359484911,11083.694363851035
PER_6_6_9,7723.292381295578,11108.066306393313
PER_6_6_9,7787.429072196319,11113.197241665377
PER_6_6_9,7825.510367407469,11110.048351417627
PER_6_6_9,7857.877015458453,11112.059838019664
PER_6_6_9,7868.4481462019585,11117.592281049489
PER_6_6_9,7881.781481444194,11129.884985928984
PER_6_6_9,7953.9647183912675,11148.400607160664
PER_6_6_9,8048.3863950484065,11159.37883743642
PER_6_6_9,8155.913511152834,11114.1685727107
PER_6_6_9,8347.820610195842,11096.560345488127
PER_6_6_10,8300.907841406224,12250.50454941448
PER_6_6_10,8300.90784140623,13535.038175463753
PER_6_6_10,7130.717170706041,13535.038175463753
PER_6_6_10,7130.717170706033,12391.608621972922
PER_6_6_10,7427.522288846212,12255.370207088912
PER_6_6_10,8300.907841406224,12250.50454941448
PER_6_6_11,8269.281066522439,13583.69475220804
PER_6_6_11,8269.281066522439,14678.467728954583
PER_6_6_11,7123.418684194394,14678.467728954583
PER_6_6_11,7123.418684194394,13583.69475220804
PER_6_6_11,8269.281066522439,13583.69475220804
PER_6_6_12,8266.848237685224,14705.228846163944
PER_6_6_12,8266.848237685224,15272.077965234927
PER_6_6_12,7118.553026519965,15272.077965234927
PER_6_6_12,7118.553026519965,14705.228846163944
PER_6_6_12,8266.848237685224,14705.228846163944
PER_6_7_1,9870.082441409604,641.0453382267315
PER_6_7_1,9870.082441409604,1949.9072526481496
PER_6_7_1,8497.966977220607,1949.907252648149
PER_6_7_1,8497.966977220609,641.0453382267312
PER_6_7_1,9870.082441409604,641.0453382267315
PER_6_7_2,9821.06063728878,1956.8956957007563
PER_6_7_2,9821.06063728878,3342.931288906869
PER_6_7_2,8862.649470798124,3342.9312889068697
PER_6_7_2,8629.702312276095,3158.2374703644
PER_6_7_2,8503.245283364127,2857.0700725609113
PER_6_7_2,8503.245283364127,1956.8956957007622
PER_6_7_2,9821.06063728878,1956.8956957007563
PER_6_7_3,9830.044785402857,3359.1057336760105
PER_6_7_3,9817.880641216789,4629.042386702001
PER_6_7_3,8504.153069120941,4616.878242515928
PER_6_7_3,8506.585897958155,4247.088259259319
PER_6_7_3,8509.01872679537,4064.626096468228
PER_6_7_3,8599.033393772308,3874.8654471654954
PER_6_7_3,8650.122799353801,3704.567428560478
PER_6_7_3,8742.57029516796,3453.9860583273803
PER_6_7_3,8903.136998424125,3359.105733676013
PER_6_7_3,9830.044785402857,3359.1057336760105
PER_6_7_4,9776.648618135185,4663.101990423005
PER_6_7_4,9776.648618135185,5626.502209959959
PER_6_7_4,8399.667496271759,5626.502209959959
PER_6_7_4,8399.667496271759,4663.101990423005
PER_6_7_4,9776.648618135185,4663.101990423005
PER_6_7_5,9815.573879530617,5697.05424623918
PER_6_7_5,9815.573879530617,7059.43839507932
PER_6_7_5,8372.9063790624,7059.438395079319
PER_6_7_5,8372.9063790624,5697.05424623918
PER_6_7_5,9815.573879530617,5697.05424623918
PER_6_7_6,9681.768293483818,7093.497998800324
PER_6_7_6,9681.768293483818,8358.568994151881
PER_6_7_6,8355.876577201898,8343.97202112859
PER_6_7_6,8319.38414464368,7709.003694615598
PER_6_7_6,8360.742234876327,7210.273782986618
PER_6_7_6,8594.293803248922,7093.497998800321
PER_6_7_6,9681.768293483818,7093.497998800324
PER_6_7_7,9688.282447569683,8371.706567938778
PER_6_7_7,9688.282447569682,9647.128226644443
PER_6_7_7,8309.52801558925,9647.128226644443
PER_6_7_7,8309.52801558925,8371.706567938778
PER_6_7_7,9688.282447569683,8371.706567938778
PER_6_7_8,9531.407251677512,9681.041605804756
PER_6_7_8,9539.48421031532,10789.604178845002
PER_6_7_8,8570.249173777418,10765.373302931559
PER_6_7_8,8474.526363116738,10490.084293729864
PER_6_7_8,8466.065103280784,10445.058303888554
PER_6_7_8,8448.840395757601,10369.209153216278
PER_6_7_8,8444.911684953426,10339.044377647813
PER_6_7_8,8421.655212144422,10239.558355075946
PER_6_7_8,8375.14226652641,10087.099255550238
PER_6_7_8,8373.204227125654,9885.543157872175
PER_6_7_8,8570.249173777418,9697.195523080372
PER_6_7_8,8889.289039971143,9664.887688529125
PER_6_7_8,9531.407251677512,9681.041605804756
PER_6_7_9,9554.525481152334,10819.890960233406
PER_6_7_9,9554.525481152321,11944.607450549287
PER_6_7_9,8375.289520031198,11938.549731570925
PER_6_7_9,8369.231801052836,11290.373800886187
PER_6_7_9,8409.616594241917,10999.603289924813
PER_6_7_9,8534.809453128066,10817.871720573952
PER_6_7_9,9023.465450715932,10789.602365341594
PER_6_7_9,9554.525481152334,10819.890960233406
PER_6_7_10,9602.987232979223,12009.223119651815
PER_6_7_10,9602.987232979234,13331.825096594188
PER_6_7_10,8389.424197647377,13329.805856934734
PER_6_7_10,8320.77004922594,12724.033959098535
PER_6_7_10,8345.45026047203,12300.266927018252
PER_6_7_10,8571.155766998236,12009.223119651815
PER_6_7_10,9602.987232979223,12009.223119651815
PER_6_7_11,9596.929514000873,13364.13293114545
PER_6_7_11,9596.92951400087,14555.484330223313
PER_6_7_11,8330.866247523209,14555.484330223313
PER_6_7_11,8330.866247523209,13364.13293114545
PER_6_7_11,9596.929514000873,13364.13293114545
PER_6_7_12,9554.525481152337,14597.888363071848
PER_6_7_12,9554.525481152337,15254.141252394395
PER_6_7_12,8322.789288885393,15254.141252394398
PER_6_7_12,8322.789288885393,14597.888363071848
PER_6_7_12,9554.525481152337,14597.888363071848