#Selection names: PER_6_1_12, PER_6_1_13, PER_6_1_14, PER_6_1_15, PER_6_1_16, PER_6_1_17, PER_6_1_18, PER_6_1_19, PER_6_1_20, PER_6_1_21, PER_6_1_22, PER_6_1_23, PER_6_2_12, PER_6_2_13, PER_6_2_14, PER_6_2_15, PER_6_2_16, PER_6_2_17, PER_6_2_18, PER_6_2_19, PER_6_2_20, PER_6_2_21, PER_6_2_22, PER_6_2_23, PER_6_3_12, PER_6_3_13, PER_6_3_14, PER_6_3_15, PER_6_3_16, PER_6_3_17, PER_6_3_18, PER_6_3_19, PER_6_3_20, PER_6_3_21, PER_6_3_22, PER_6_3_23, PER_6_4_12, PER_6_4_13, PER_6_4_14, PER_6_4_15, PER_6_4_16, PER_6_4_17, PER_6_4_18, PER_6_4_19, PER_6_4_20, PER_6_4_21, PER_6_4_22, PER_6_4_23, PER_6_5_12, PER_6_5_13, PER_6_5_14, PER_6_5_15, PER_6_5_16, PER_6_5_17, PER_6_5_18, PER_6_5_19, PER_6_5_20, PER_6_5_21, PER_6_5_22, PER_6_5_23, PER_6_6_12, PER_6_6_13, PER_6_6_14, PER_6_6_15, PER_6_6_16, PER_6_6_17, PER_6_6_18, PER_6_6_19, PER_6_6_20, PER_6_6_21, PER_6_6_22, PER_6_6_23, PER_6_7_12, PER_6_7_13, PER_6_7_14, PER_6_7_15, PER_6_7_16, PER_6_7_17, PER_6_7_18, PER_6_7_19, PER_6_7_20, PER_6_7_21, PER_6_7_22, PER_6_7_23, PER_6_8_18, PER_6_8_19, PER_6_8_20, PER_6_8_21, PER_6_8_22, PER_6_8_23
#Areas (µm^2): 1112324.2, 1761708.9, 1585867.3, 1574971.6, 1622379.5, 2030835.1, 1290600.0, 1819724.7, 1500059.6, 1824855.1, 2298465.5, 2120517.7, 1168338.3, 1512794.6, 1685640.5, 1532527.2, 1403240.0, 1602610.4, 1526220.5, 1657194.4, 1404063.0, 1669152.1, 1556486.6, 1399928.9, 1434919.5, 1434664.2, 1391883.1, 1460262.5, 1438110.5, 1629300.8, 1672777.3, 1396108.4, 1471127.2, 1233016.4, 902668.6, 1711029.5, 1562727.8, 1655144.5, 1259169.9, 1368748.8, 1707073.5, 1541811.3, 1542479.3, 1540541.0, 1565522.3, 1655803.1, 1150268.4, 1264288.4, 1307071.8, 1585140.4, 1663537.4, 1321571.3, 1126463.2, 1711354.7, 1423764.1, 1397917.2, 1593081.7, 1627970.8, 1486982.4, 1584554.5, 1524648.7, 1581657.1, 1220588.9, 1302384.1, 1101594.0, 1601031.6, 1431795.4, 1585657.6, 1677733.2, 1397301.2, 1034854.4, 1363384.4, 1864999.5, 1236634.8, 1727844.2, 1844654.1, 1503055.0, 1028796.3, 1787098.4, 1739713.9, 1573030.8, 1663048.1, 1738697.7, 1688833.9, 2031476.6, 1786627.9, 1779091.2, 1627679.2, 1724057.1, 1459876.4
Selection,X,Y
PER_6_1_12,1755.641087149943,884.6911100153488
PER_6_1_12,1755.641087149943,1748.3089949990756
PER_6_1_12,467.65924144145356,1748.3089949990754
PER_6_1_12,467.65924144145356,884.6911100153486
PER_6_1_12,1755.641087149943,884.6911100153488
PER_6_1_13,1802.9939239268115,1780.6735909336383
PER_6_1_13,1802.9939239268115,3074.4466692862097
PER_6_1_13,441.31081858130347,3074.4466692862097
PER_6_1_13,441.31081858130347,1780.673590933638
PER_6_1_13,1802.9939239268115,1780.6735909336383
PER_6_1_14,1813.4416203872606,3123.20258610165
PER_6_1_14,1813.4416203872606,4347.324354717879
PER_6_1_14,517.9272592912785,4347.324354717879
PER_6_1_14,517.9272592912785,3123.2025861016496
PER_6_1_14,1813.4416203872606,3123.20258610165
PER_6_1_15,1888.3167783538302,5604.53049545887
PER_6_1_15,603.2501137183008,5606.271778202279
PER_6_1_15,632.8519203562464,4361.254616665148
PER_6_1_15,1879.61036463679,4361.254616665148
PER_6_1_15,1888.3167783538302,5604.53049545887
PER_6_1_16,1907.4708885313157,5627.167171123184
PER_6_1_16,1907.470888531312,6835.617395048734
PER_6_1_16,564.9418933632987,6835.617395048734
PER_6_1_16,564.9418933633024,5627.167171123184
PER_6_1_16,1907.4708885313157,5627.167171123184
PER_6_1_17,2050.2560734908257,6870.443049916903
PER_6_1_17,2050.2560734908257,8317.44900968943
PER_6_1_17,646.7821823035138,8317.44900968943
PER_6_1_17,646.7821823035138,6870.443049916903
PER_6_1_17,2050.2560734908257,6870.443049916903
PER_6_1_18,2056.875018990586,8345.560292797953
PER_6_1_18,2056.875018990586,9272.28950521731
PER_6_1_18,664.2352409867708,9272.28950521731
PER_6_1_18,664.2352409867708,8345.560292797953
PER_6_1_18,2056.875018990586,8345.560292797953
PER_6_1_19,2143.437637733052,9290.111220840761
PER_6_1_19,2130.7078408591606,10591.096461352548
PER_6_1_19,732.976144105789,10583.458583228214
PER_6_1_19,735.5221034805654,9290.111220840761
PER_6_1_19,2143.437637733052,9290.111220840761
PER_6_1_20,2209.6325814772918,10677.659080095016
PER_6_1_20,2349.6603470901046,10914.433301949413
PER_6_1_20,2349.6603470901046,11853.89231124266
PER_6_1_20,1102.1402534486624,11853.89231124266
PER_6_1_20,1102.1402534486624,10629.285851974226
PER_6_1_20,2031.4154252428016,10629.285851974226
PER_6_1_20,2209.6325814772918,10677.659080095016
PER_6_1_21,2459.136600205582,11960.822604983356
PER_6_1_21,2609.348203317515,12141.585720592626
PER_6_1_21,2596.61840644362,12780.62152366202
PER_6_1_21,2441.3148845821324,13081.044729885876
PER_6_1_21,2207.0866221025153,13221.072495498693
PER_6_1_21,1145.4215628199017,13218.526536123914
PER_6_1_21,1145.4215628199017,11907.357458113009
PER_6_1_21,2301.287118969318,11907.357458113009
PER_6_1_21,2459.136600205582,11960.822604983356
PER_6_1_22,2644.9916345644087,13345.824504862838
PER_6_1_22,2813.0249532997896,13531.679539221665
PER_6_1_22,2813.024953299795,14741.01024224143
PER_6_1_22,1254.8978159353737,14741.01024224143
PER_6_1_22,1254.8978159353737,13238.894211122142
PER_6_1_22,2487.142153328148,13238.894211122142
PER_6_1_22,2644.9916345644087,13345.824504862838
PER_6_1_23,2861.398181420578,14835.210739108234
PER_6_1_23,2861.398181420578,16148.92577649392
PER_6_1_23,1247.2599378110372,16148.92577649392
PER_6_1_23,1247.2599378110372,14835.210739108234
PER_6_1_23,2861.398181420578,14835.210739108234
PER_6_2_12,2857.4434115694185,676.7754232456143
PER_6_2_12,2890.5277836941823,1756.370724158931
PER_6_2_12,1790.037089859963,1754.629441415522
PER_6_2_12,1790.037089859963,678.5167059890225
PER_6_2_12,2857.4434115694185,676.7754232456143
PER_6_2_13,3047.243230600954,1785.9725307968765
PER_6_2_13,3047.243230600954,3041.4373887944594
PER_6_2_13,1842.2755721622198,3041.4373887944594
PER_6_2_13,1842.2755721622198,1785.9725307968763
PER_6_2_13,3047.243230600954,1785.9725307968765
PER_6_2_14,3155.2027606922857,3060.591498971954
PER_6_2_14,3155.202760692291,4366.553556528385
PER_6_2_14,2108.6918319037322,4366.553556528384
PER_6_2_14,1924.1158611024239,4302.126095022268
PER_6_2_14,1849.240703135858,4058.346510945067
PER_6_2_14,1849.240703135858,3060.591498971953
PER_6_2_14,3155.2027606922857,3060.591498971954
PER_6_2_15,3170.874305382962,4392.672797679514
PER_6_2_15,3170.874305382962,5615.053283552334
PER_6_2_15,1917.1507301287875,5615.053283552334
PER_6_2_15,1917.1507301287875,4392.672797679513
PER_6_2_15,3170.874305382962,4392.672797679514
PER_6_2_16,3190.028415560457,5639.431241960052
PER_6_2_16,3190.028415560457,6771.265025175626
PER_6_2_16,1950.2351022535513,6771.265025175626
PER_6_2_16,1950.2351022535513,5639.431241960052
PER_6_2_16,3190.028415560457,5639.431241960052
PER_6_2_17,3289.281531934743,6800.8668318135715
PER_6_2_17,3289.281531934741,8113.794020343637
PER_6_2_17,2068.642328805332,8113.794020343637
PER_6_2_17,2068.642328805334,6800.8668318135715
PER_6_2_17,3289.281531934743,6800.8668318135715
PER_6_2_18,3386.7933655656234,8148.6196752118085
PER_6_2_18,3386.7933655656234,9393.63683674894
PER_6_2_18,2160.9303142059853,9393.63683674894
PER_6_2_18,2160.9303142059853,8148.6196752118085
PER_6_2_18,3386.7933655656234,8148.6196752118085
PER_6_2_19,3459.997263486972,9431.317947724003
PER_6_2_19,3462.8842535050617,10554.498860401442
PER_6_2_19,3013.0829553952317,10737.403571157532
PER_6_2_19,2903.893965774072,10781.413419015043
PER_6_2_19,2798.675993875084,10795.785481477697
PER_6_2_19,2648.2625898051156,10793.557134750732
PER_6_2_19,2469.207382487488,10779.070791122238
PER_6_2_19,2260.253453278463,10622.355344215468
PER_6_2_19,2157.5177714173587,10415.142697749849
PER_6_2_19,2157.5177714173587,9431.317947724003
PER_6_2_19,3459.997263486972,9431.317947724003
PER_6_2_20,3320.2049323605424,10761.744095596037
PER_6_2_20,3555.2781027206984,10981.145721265519
PER_6_2_20,3663.237632812031,11404.277427913803
PER_6_2_20,3645.4292995063834,11823.366871706661
PER_6_2_20,3450.5910288179875,11917.55200226121
PER_6_2_20,3276.4627544771283,11985.462029254146
PER_6_2_20,3171.9857898726113,12020.287684122317
PER_6_2_20,2768.218302700023,12018.950236337034
PER_6_2_20,2552.2992425173616,11919.697119962739
PER_6_2_20,2368.7015710675387,11698.557198723445
PER_6_2_20,2367.7232717160496,11014.23009339028
PER_6_2_20,2613.5297932682133,10833.915527697498
PER_6_2_20,2734.26945471985,10811.745815849034
PER_6_2_20,2798.2240086523725,10800.002748036562
PER_6_2_20,2865.976582567677,10791.297489396407
PER_6_2_20,2910.5435171069257,10787.954969305965
PER_6_2_20,2946.7541514200675,10771.242368853746
PER_6_2_20,2987.619928369504,10765.226661082854
PER_6_2_20,3134.041669609347,10751.874379654933
PER_6_2_20,3320.2049323605424,10761.744095596037
PER_6_2_21,3948.597893432833,12027.25281509595
PER_6_2_21,3948.597893432833,13305.354348757848
PER_6_2_21,2642.635835876401,13305.354348757848
PER_6_2_21,2642.635835876401,12027.25281509595
PER_6_2_21,3948.597893432833,12027.25281509595
PER_6_2_22,4103.262756374577,13312.052083914077
PER_6_2_22,4103.262756374576,14569.25822465507
PER_6_2_22,2865.210725811081,14569.25822465507
PER_6_2_22,2865.210725811081,13312.052083914077
PER_6_2_22,4103.262756374577,13312.052083914077
PER_6_2_23,4108.757300041232,14576.79498906189
PER_6_2_23,4108.757300041232,15766.091102809945
PER_6_2_23,2931.650165497036,15766.091102809945
PER_6_2_23,2931.650165497036,14576.79498906189
PER_6_2_23,4108.757300041232,14576.79498906189
PER_6_3_12,4261.568995207009,580.5888122026811
PER_6_3_12,4261.568995207009,1652.6359550022285
PER_6_3_12,2923.0835214181407,1652.6359550022282
PER_6_3_12,2923.0835214181407,580.5888122026809
PER_6_3_12,4261.568995207009,580.5888122026811
PER_6_3_13,4337.0948213142165,1675.7132907572088
PER_6_3_13,4337.0948213142165,2854.755353875302
PER_6_3_13,3120.289845142519,2854.755353875302
PER_6_3_13,3120.289845142519,1675.7132907572086
PER_6_3_13,4337.0948213142165,1675.7132907572088
PER_6_3_14,4345.486579770571,2884.12650847255
PER_6_3_14,4345.486579770571,4121.910880785139
PER_6_3_14,3220.9909466187946,4121.910880785139
PER_6_3_14,3220.9909466187946,2884.1265084725496
PER_6_3_14,4345.486579770571,2884.12650847255
PER_6_3_15,4429.404164334135,4165.96761268101
PER_6_3_15,4429.404164334134,5374.3808303963515
PER_6_3_15,3220.9909466187946,5374.3808303963515
PER_6_3_15,3220.9909466187946,4165.96761268101
PER_6_3_15,4429.404164334135,4165.96761268101
PER_6_3_16,4492.34235275681,5416.339622678133
PER_6_3_16,4492.34235275681,6572.304350041248
PER_6_3_16,3248.2641616019537,6572.304350041246
PER_6_3_16,3248.2641616019537,5416.339622678133
PER_6_3_16,4492.34235275681,5416.339622678133
PER_6_3_17,4567.868178864017,6599.577565024405
PER_6_3_17,4567.868178864017,7896.1042465314895
PER_6_3_17,3311.202350024625,7896.1042465314895
PER_6_3_17,3311.202350024627,6599.577565024403
PER_6_3_17,4567.868178864017,6599.577565024405
PER_6_3_18,4741.9971668334165,7929.671280356917
PER_6_3_18,4741.9971668334165,9215.708263793555
PER_6_3_18,3441.2746060981535,9215.708263793555
PER_6_3_18,3441.2746060981535,7929.671280356917
PER_6_3_18,4741.9971668334165,7929.671280356917
PER_6_3_19,4781.858019501112,9341.584640638908
PER_6_3_19,4781.858019501112,10432.513239965256
PER_6_3_19,3502.1148549067393,10432.513239965256
PER_6_3_19,3502.1148549067393,9341.584640638906
PER_6_3_19,4781.858019501112,9341.584640638908
PER_6_3_20,4788.151838343374,10440.90499842152
PER_6_3_20,4788.151838343383,11731.137861086334
PER_6_3_20,3961.5636303922583,11731.137861086425
PER_6_3_20,3739.182031298812,11575.89032964383
PER_6_3_20,3586.032439470305,11028.328090366567
PER_6_3_20,3575.542741399856,10440.904998421607
PER_6_3_20,4788.151838343374,10440.90499842152
PER_6_3_21,4883.45311189782,11824.42856474926
PER_6_3_21,4891.844870354177,13185.991374293097
PER_6_3_21,3987.63289668176,13202.77489120582
PER_6_3_21,3987.63289668176,11824.42856474926
PER_6_3_21,4883.45311189782,11824.42856474926
PER_6_3_22,5225.417268994351,13395.785335702016
PER_6_3_22,5225.41726899435,14258.038517092651
PER_6_3_22,4178.545401563871,14258.038517092651
PER_6_3_22,4178.545401563872,13395.785335702016
PER_6_3_22,5225.417268994351,13395.785335702016
PER_6_3_23,5393.252438121477,14308.389067830787
PER_6_3_23,5393.252438121477,15669.951877374635
PER_6_3_23,4136.586609282086,15669.951877374635
PER_6_3_23,4136.586609282086,14308.389067830787
PER_6_3_23,5393.252438121477,14308.389067830787
PER_6_4_12,5654.652423188835,490.61994505626944
PER_6_4_12,5654.652423188835,1720.660780422992
PER_6_4_12,4663.871401185216,1720.6607804229918
PER_6_4_12,4467.555656887285,1597.9634402367856
PER_6_4_12,4350.9931837103895,1349.501326359717
PER_6_4_12,4350.9931837103895,490.6199450562701
PER_6_4_12,5654.652423188835,490.61994505626944
PER_6_4_13,5660.7872901981455,1739.0653814509233
PER_6_4_13,5660.787290198146,3051.9269214433343
PER_6_4_13,4400.072119784872,3051.926921443334
PER_6_4_13,4400.072119784872,1739.0653814509233
PER_6_4_13,5660.7872901981455,1739.0653814509233
PER_6_4_14,5666.922157207457,3091.8035570038505
PER_6_4_14,5666.922157207457,4097.921746530745
PER_6_4_14,4415.40928730815,4097.921746530745
PER_6_4_14,4415.40928730815,3091.80355700385
PER_6_4_14,5666.922157207457,3091.8035570038505
PER_6_4_15,5666.922157207457,4122.461214567986
PER_6_4_15,5666.922157207456,5266.613911804363
PER_6_4_15,4470.623090391941,5266.613911804362
PER_6_4_15,4470.623090391942,4122.461214567986
PER_6_4_15,5666.922157207457,4122.461214567986
PER_6_4_16,5878.575069028662,5294.220813346259
PER_6_4_16,5878.575069028662,6622.419520861946
PER_6_4_16,4593.320430578148,6622.419520861946
PER_6_4_16,4593.320430578148,5294.220813346258
PER_6_4_16,5878.575069028662,5294.220813346259
PER_6_4_17,5884.709936037987,6643.891555394532
PER_6_4_17,5884.709936037987,7965.955395900908
PER_6_4_17,4850.984844969182,7972.090262910218
PER_6_4_17,4630.129632634009,7278.85029085815
PER_6_4_17,4771.231573848157,6643.891555394532
PER_6_4_17,5884.709936037987,6643.891555394532
PER_6_4_18,6035.014177766082,7999.6971644521145
PER_6_4_18,6038.0816112707325,9275.749502388664
PER_6_4_18,4823.377943427286,9266.547201874699
PER_6_4_18,4823.377943427294,7999.6971644521145
PER_6_4_18,6035.014177766082,7999.6971644521145
PER_6_4_19,6142.374350429006,9330.963305472458
PER_6_4_19,6142.374350429006,10493.520603736764
PER_6_4_19,4817.243076417974,10493.520603736764
PER_6_4_19,4817.243076417974,9330.963305472458
PER_6_4_19,6142.374350429006,9330.963305472458
PER_6_4_20,6139.306916924351,10533.397239297281
PER_6_4_20,6139.306916924351,11757.303207654692
PER_6_4_20,4860.187145483146,11757.303207654692
PER_6_4_20,4860.187145483146,10533.397239297281
PER_6_4_20,6139.306916924351,10533.397239297281
PER_6_4_21,6212.925321036077,11794.112409710553
PER_6_4_21,6212.925321036077,13076.299614656411
PER_6_4_21,4921.5358155762515,13076.299614656411
PER_6_4_21,4921.5358155762515,11794.112409710553
PER_6_4_21,6212.925321036077,11794.112409710553
PER_6_4_22,6268.139124119869,13097.771649188997
PER_6_4_22,6268.139124119868,14248.059213434684
PER_6_4_22,5268.155801602285,14248.059213434684
PER_6_4_22,5268.1558016022855,13097.771649188997
PER_6_4_22,6268.139124119869,13097.771649188997
PER_6_4_23,6360.162129259523,14300.205583013822
PER_6_4_23,6360.162129259523,15656.011192071406
PER_6_4_23,5427.662343844352,15656.011192071406
PER_6_4_23,5427.662343844352,14300.205583013822
PER_6_4_23,6360.162129259523,14300.205583013822
PER_6_5_12,6949.482748933765,394.07623365635664
PER_6_5_12,6949.482748933765,1446.2059257530784
PER_6_5_12,5707.172179548423,1446.2059257530782
PER_6_5_12,5707.172179548423,394.0762336563564
PER_6_5_12,6949.482748933765,394.07623365635664
PER_6_5_13,6974.022216971005,1495.2848618275611
PER_6_5_13,6974.022216971005,2734.5279977082478
PER_6_5_13,5694.902445529801,2734.5279977082473
PER_6_5_13,5694.902445529801,1495.284861827561
PER_6_5_13,6974.022216971005,1495.2848618275611
PER_6_5_14,6980.157083980312,2783.6069337827294
PER_6_5_14,6980.157083980312,4087.266173261174
PER_6_5_14,5704.104746043764,4087.266173261175
PER_6_5_14,5704.104746043764,2783.6069337827284
PER_6_5_14,6980.157083980312,2783.6069337827294
PER_6_5_15,6921.340516781516,4144.920197991498
PER_6_5_15,6921.340516781514,5255.331126676667
PER_6_5_15,5731.176316975311,5255.331126676667
PER_6_5_15,5731.176316975313,4144.920197991498
PER_6_5_15,6921.340516781516,4144.920197991498
PER_6_5_16,7044.0378569677205,5289.072895227875
PER_6_5_16,7044.037856967721,6408.686124427011
PER_6_5_16,6037.919667440826,6408.686124427011
PER_6_5_16,6037.919667440826,5289.072895227875
PER_6_5_16,7044.0378569677205,5289.072895227875
PER_6_5_17,7246.488468274962,6424.023291950287
PER_6_5_17,7246.488468274962,7718.480230914767
PER_6_5_17,5924.424627768585,7718.480230914767
PER_6_5_17,5924.424627768585,6424.023291950287
PER_6_5_17,7246.488468274962,6424.023291950287
PER_6_5_18,7252.623335284272,7739.952265447353
PER_6_5_18,7252.623335284272,8939.318765767523
PER_6_5_18,6065.526568982723,8939.318765767523
PER_6_5_18,6065.526568982723,7739.952265447353
PER_6_5_18,7252.623335284272,7739.952265447353
PER_6_5_19,7264.893069302893,8960.79080030011
PER_6_5_19,7264.893069302892,10233.775704732005
PER_6_5_19,6166.751874636343,10233.775704732003
PER_6_5_19,6166.751874636344,8960.79080030011
PER_6_5_19,7264.893069302893,8960.79080030011
PER_6_5_20,7415.197311030995,10279.787207301833
PER_6_5_20,7415.197311030995,11555.839545238381
PER_6_5_20,6166.751874636342,11555.83954523838
PER_6_5_20,6166.751874636342,10279.787207301832
PER_6_5_20,7415.197311030995,10279.787207301833
PER_6_5_21,7571.701049369689,11570.135071287114
PER_6_5_21,7571.70104936969,12864.592010251592
PER_6_5_21,6314.05331246107,12864.592010251588
PER_6_5_21,6314.05331246107,11570.135071287106
PER_6_5_21,7571.701049369689,11570.135071287114
PER_6_5_22,7601.202072818573,12921.14255461769
PER_6_5_22,7601.202072818573,14125.381338887899
PER_6_5_22,6366.411776051022,14125.381338887897
PER_6_5_22,6366.411776051022,12921.142554617689
PER_6_5_22,7601.202072818573,12921.14255461769
PER_6_5_23,7703.040447809712,14153.386892010465
PER_6_5_23,7703.040447809712,15390.723148152794
PER_6_5_23,6422.4228822961495,15390.723148152789
PER_6_5_23,6422.42288229615,14153.38689201046
PER_6_5_23,7703.040447809712,14153.386892010465
PER_6_6_12,8229.892081401073,359.84188658966764
PER_6_6_12,8229.892081401073,1586.9943052328836
PER_6_6_12,6987.463906509186,1586.9943052328833
PER_6_6_12,6987.463906509186,359.8418865896674
PER_6_6_12,8229.892081401073,359.84188658966764
PER_6_6_13,8250.259756399299,1604.8160208563324
PER_6_6_13,8250.259756399299,2875.2497488707822
PER_6_6_13,7005.285622132634,2875.249748870782
PER_6_6_13,7005.285622132634,1604.8160208563322
PER_6_6_13,8250.259756399299,1604.8160208563324
PER_6_6_14,8150.96734078294,2949.0825707393574
PER_6_6_14,8150.96734078294,4036.2072237697585
PER_6_6_14,7028.199256505641,4036.207223769758
PER_6_6_14,7028.199256505641,2949.082570739357
PER_6_6_14,8150.96734078294,2949.0825707393574
PER_6_6_15,8066.95068141525,4102.402167513999
PER_6_6_15,8066.950681415259,5319.370748658101
PER_6_6_15,7247.151762736589,5319.370748658101
PER_6_6_15,7056.204809628203,5186.980861169621
PER_6_6_15,6941.636637763173,5034.223298682914
PER_6_6_15,6949.274515887508,4346.814267492731
PER_6_6_15,7094.394200249882,4155.867314384346
PER_6_6_15,7259.8815596104805,4102.402167513999
PER_6_6_15,8066.95068141525,4102.402167513999
PER_6_6_16,8184.064812655066,5334.646504906772
PER_6_6_16,8184.064812655062,6459.960548558849
PER_6_6_16,7303.162868981714,6459.960548558849
PER_6_6_16,7107.123997123772,5887.119689233696
PER_6_6_16,7303.162868981714,5334.646504906771
PER_6_6_16,8184.064812655066,5334.646504906772
PER_6_6_17,8530.31528762493,6508.333776679639
PER_6_6_17,8530.31528762493,7781.313464068866
PER_6_6_17,7272.611356484372,7781.313464068866
PER_6_6_17,7272.611356484372,6508.333776679639
PER_6_6_17,8530.31528762493,6508.333776679639
PER_6_6_18,8492.125897003252,7872.968001560892
PER_6_6_18,8492.125897003252,9061.931029582429
PER_6_6_18,7287.887112733042,9061.931029582429
PER_6_6_18,7287.887112733042,7872.968001560892
PER_6_6_18,8492.125897003252,7872.968001560892
PER_6_6_19,8629.016849961114,9064.736306992465
PER_6_6_19,8629.016849961114,10092.56040868755
PER_6_6_19,8542.108295378173,10243.612060901969
PER_6_6_19,8365.881367794686,10281.704888136566
PER_6_6_19,7570.762254054904,10281.704888136566
PER_6_6_19,7350.478594575546,10197.45738939201
PER_6_6_19,7300.026056326761,10002.349005281718
PER_6_6_19,7300.0260563267675,9064.736306992465
PER_6_6_19,8629.016849961114,9064.736306992465
PER_6_6_20,8721.134966594127,10302.092648655658
PER_6_6_20,8721.134966594125,11653.16576012906
PER_6_6_20,7760.278623341303,11661.557518585418
PER_6_6_20,7596.63933344235,11500.016168300555
PER_6_6_20,7441.391801999754,11246.165474995769
PER_6_6_20,7441.391801999754,10302.092648655658
PER_6_6_20,8721.134966594127,10302.092648655658
PER_6_6_21,8756.799940033638,11699.320431639022
PER_6_6_21,8756.799940033643,12935.006864337522
PER_6_6_21,7626.010488039601,12935.006864337522
PER_6_6_21,7626.010488039597,11699.320431639022
PER_6_6_21,8756.799940033638,11699.320431639022
PER_6_6_22,8633.021502802381,13023.120328129267
PER_6_6_22,8633.021502802381,14126.63656514015
PER_6_6_22,7695.242495304539,14126.63656514015
PER_6_6_22,7695.242495304539,13023.120328129267
PER_6_6_22,8633.021502802381,13023.120328129267
PER_6_6_23,8851.207222667652,14185.378874334647
PER_6_6_23,8851.207222667652,15400.085910892256
PER_6_6_23,7728.809529129965,15400.085910892256
PER_6_6_23,7728.809529129965,14185.378874334647
PER_6_6_23,8851.207222667652,14185.378874334647
PER_6_7_12,9651.927602247984,265.8233048766558
PER_6_7_12,9651.927602247984,1638.2171345852755
PER_6_7_12,8292.988614007098,1638.2171345852753
PER_6_7_12,8292.988614007098,265.8233048766556
PER_6_7_12,9651.927602247984,265.8233048766558
PER_6_7_13,9629.502866468432,1687.5515533002913
PER_6_7_13,9629.502866468432,2615.935614573769
PER_6_7_13,8297.473561163008,2615.935614573769
PER_6_7_13,8297.473561163008,1687.551553300291
PER_6_7_13,9629.502866468432,1687.5515533002913
PER_6_7_14,9575.708218854154,2632.4100948511214
PER_6_7_14,9575.708218854154,3920.7321668062896
PER_6_7_14,8183.093407740707,3920.7321668062896
PER_6_7_14,8183.093407740708,3003.5695489143964
PER_6_7_14,8351.802250496741,2791.916637093189
PER_6_7_14,8621.736398906396,2632.4100948511195
PER_6_7_14,9575.708218854154,2632.4100948511214
PER_6_7_15,9548.101317312256,3942.2042013388773
PER_6_7_15,9548.101317312256,5242.796007312669
PER_6_7_15,8100.272703115021,5242.796007312669
PER_6_7_15,8100.272703115021,4267.352152832325
PER_6_7_15,8250.576944843122,4021.9574724599115
PER_6_7_15,8449.960122645705,3942.2042013388773
PER_6_7_15,9548.101317312256,3942.2042013388773
PER_6_7_16,9566.505918340186,5270.402908854563
PER_6_7_16,9566.505918340186,6448.297374642147
PER_6_7_16,8290.453580403639,6448.297374642147
PER_6_7_16,8290.453580403639,5270.402908854563
PER_6_7_16,9566.505918340186,5270.402908854563
PER_6_7_17,9658.528923479842,6488.174010202663
PER_6_7_17,9658.528923479842,7432.943529636455
PER_6_7_17,8569.590029327257,7432.943529636454
PER_6_7_17,8569.590029327257,6488.174010202663
PER_6_7_17,9658.528923479842,6488.174010202663
PER_6_7_18,9925.395638384844,7448.280697159729
PER_6_7_18,9925.395638384842,8779.546838180077
PER_6_7_18,8569.590029327257,8779.54683818007
PER_6_7_18,8514.376226243465,8098.576600146624
PER_6_7_18,8569.590029327259,7843.979619260244
PER_6_7_18,8695.354803018123,7549.5060028133485
PER_6_7_18,8940.74948339054,7448.280697159727
PER_6_7_18,9925.395638384844,7448.280697159729
PER_6_7_19,9995.94660899191,8810.221173226626
PER_6_7_19,9995.94660899191,10123.082713219037
PER_6_7_19,8670.815334980878,10123.082713219037
PER_6_7_19,8670.815334980878,8810.221173226626
PER_6_7_19,9995.94660899191,8810.221173226626
PER_6_7_20,10026.62094403846,10159.891915274897
PER_6_7_20,10026.62094403846,11383.79788363231
PER_6_7_20,8741.366305587944,11383.79788363231
PER_6_7_20,8741.366305587946,10159.891915274897
PER_6_7_20,10026.62094403846,10159.891915274897
PER_6_7_21,10045.025545066392,11414.472218678862
PER_6_7_21,10045.025545066392,12730.401192175928
PER_6_7_21,8781.242941148463,12730.401192175928
PER_6_7_21,8781.242941148463,11414.472218678862
PER_6_7_21,10045.025545066392,11414.472218678862
PER_6_7_22,10054.227845580357,12748.805793203861
PER_6_7_22,10054.227845580355,14046.330165672993
PER_6_7_22,8667.747901476221,14046.330165672993
PER_6_7_22,8667.747901476223,13172.111616846274
PER_6_7_22,8808.84984269036,12899.110034931964
PER_6_7_22,9072.649124090709,12748.805793203861
PER_6_7_22,10054.227845580357,12748.805793203861
PER_6_7_23,10161.588018243287,14064.734766700929
PER_6_7_23,10173.857752261907,15405.203208235236
PER_6_7_23,8894.737980820704,15392.933474216616
PER_6_7_23,8894.737980820704,14080.071934224201
PER_6_7_23,10161.588018243287,14064.734766700929
PER_6_8_18,11471.258734990843,7494.406183918591
PER_6_8_18,11471.258734990837,8880.886128022727
PER_6_8_18,10397.750903834343,8872.263575162036
PER_6_8_18,10155.329761493773,8724.447019285313
PER_6_8_18,9948.187723897365,8460.833364082351
PER_6_8_18,9959.014017195845,7482.136449899974
PER_6_8_18,11471.258734990843,7494.406183918591
PER_6_8_19,11477.393602000147,8914.627896573933
PER_6_8_19,11477.393602000147,10175.343066987205
PER_6_8_19,10060.239322849462,10175.343066987205
PER_6_8_19,10060.239322849462,8914.627896573933
PER_6_8_19,11477.393602000147,8914.627896573933
PER_6_8_20,11455.921567467562,10218.287136052377
PER_6_8_20,11455.921567467562,11515.811508521512
PER_6_8_20,10084.778790886703,11515.811508521512
PER_6_8_20,10084.778790886703,10218.287136052377
PER_6_8_20,11455.921567467562,10218.287136052377
PER_6_8_21,11458.989000972217,11546.485843568064
PER_6_8_21,11458.989000972217,12733.582609869612
PER_6_8_21,10087.846224391358,12733.582609869612
PER_6_8_21,10087.846224391358,11546.485843568064
PER_6_8_21,11458.989000972217,11546.485843568064
PER_6_8_22,11465.123867981527,12761.189511411509
PER_6_8_22,11465.123867981527,14015.769814815472
PER_6_8_22,10090.913657896013,14015.769814815472
PER_6_8_22,10090.913657896013,12761.189511411509
PER_6_8_22,11465.123867981527,12761.189511411509
PER_6_8_23,11468.191301486182,14046.444149862024
PER_6_8_23,11468.191301486182,15227.406049154262
PER_6_8_23,10232.01559911015,15227.406049154262
PER_6_8_23,10232.01559911015,14046.444149862024
PER_6_8_23,11468.191301486182,14046.444149862024