#Selection names: PER_5_8_1, PER_5_8_2, PER_5_8_3, PER_5_8_4, PER_5_8_5, PER_5_8_6, PER_5_8_7, PER_5_8_8, PER_5_8_9, PER_5_8_10, PER_5_8_11, PER_5_8_12, PER_5_8_13, PER_5_8_14, PER_5_8_15, PER_5_8_16, PER_5_7_16, PER_5_8_17, PER_5_9_1, PER_5_9_2, PER_5_9_3, PER_5_9_4, PER_5_9_5, PER_5_9_6, PER_5_9_7, PER_5_9_8, PER_5_9_9, PER_5_9_10, PER_5_9_11, PER_5_9_12, PER_5_9_13, PER_5_9_14, PER_5_9_15, PER_5_9_16, PER_5_9_17, PER_5_10_2, PER_5_10_3, PER_5_10_4, PER_5_10_5, PER_5_10_6, PER_5_10_7, PER_5_10_8, PER_5_10_9, PER_5_10_10, PER_5_10_11, PER_5_10_12, PER_5_10_13, PER_5_10_14, PER_5_10_15, PER_5_10_16, PER_5_10_17, PER_5_11_1, PER_5_11_2, PER_5_11_3, PER_5_11_4, PER_5_11_5, PER_5_11_6, PER_5_11_7, PER_5_11_8, PER_5_11_9, PER_5_11_10, PER_5_11_11, PER_5_11_12, PER_5_11_13, PER_5_11_14, PER_5_11_15, PER_5_11_16, PER_5_11_17, PER_5_12_1, PER_5_12_2, PER_5_12_3, PER_5_12_4, PER_5_12_5, PER_5_12_6, PER_5_12_7, PER_5_12_8, PER_5_12_9, PER_5_12_10, PER_5_12_11, PER_5_12_12, PER_5_12_13, PER_5_12_14, PER_5_12_15, PER_5_12_16, PER_5_12_17, PER_5_13_1, PER_5_13_2, PER_5_13_3, PER_5_13_4, PER_5_13_5, PER_5_13_6, PER_5_13_7, PER_5_13_8, PER_5_13_9, PER_5_13_10, PER_5_13_11, PER_5_13_12, PER_5_13_13, PER_5_13_14, PER_5_13_15, PER_5_13_16, PER_5_13_17
#Areas (µm^2): 1024322.2, 885201.4, 638882.1, 429889.9, 363708.0, 285130.8, 437279.5, 683344.2, 489174.7, 865385.7, 939640.6, 1027140.1, 1252128.2, 1460443.4, 1142007.0, 1488574.8, 187821.1, 856991.2, 1439309.2, 1024628.8, 1546895.4, 1509456.6, 1305005.5, 1302119.4, 1507662.1, 1148449.1, 1132222.8, 1365398.8, 1330642.7, 1219043.7, 1180143.2, 1165187.5, 1348318.3, 1232688.0, 807725.3, 1199951.7, 1288944.9, 1092358.2, 1118186.6, 1454684.4, 1411134.1, 1223881.4, 1154382.3, 1175256.9, 1308867.1, 1377859.8, 1122869.5, 1189014.6, 1213145.9, 1272770.9, 857266.4, 1194261.5, 1115701.2, 1321343.6, 1228452.9, 1578716.2, 1533393.9, 1486984.9, 1287524.3, 1292651.6, 1400009.7, 1573087.2, 1199211.8, 1238169.1, 1221754.5, 1276477.8, 1120666.7, 985198.4, 1383097.9, 1254783.0, 985643.6, 1326127.7, 1248853.7, 1107573.0, 1311589.7, 1363679.7, 1262936.9, 1042554.7, 1553032.4, 1186530.5, 1397609.2, 1069655.7, 1349937.2, 932946.1, 1028309.7, 1214401.0, 1423162.7, 1458741.7, 1513784.4, 1493458.5, 1386358.1, 1384696.6, 1402479.8, 1390192.7, 1390445.4, 1002632.3, 941771.3, 1092568.6, 1194116.1, 1072008.9, 1288223.4, 1306116.5
Selection,X,Y
PER_5_8_1,2157.3229807577154,709.4483624837203
PER_5_8_1,2373.726860992707,861.3956048551254
PER_5_8_1,2383.1089060686154,1054.248753642648
PER_5_8_1,2374.532400686441,1210.0322203159394
PER_5_8_1,2339.1223036420797,1298.004180160533
PER_5_8_1,2324.1836689514876,1434.6650234411227
PER_5_8_1,2296.5195306355818,1541.4485973405326
PER_5_8_1,2198.0351982309385,1851.2869464787227
PER_5_8_1,1843.0506229463626,1889.552243116646
PER_5_8_1,1425.0252582356334,1867.0634007211029
PER_5_8_1,1425.025258235988,734.3110734096126
PER_5_8_1,2157.3229807577154,709.4483624837203
PER_5_8_2,2026.3846963605847,2043.316304689868
PER_5_8_2,2026.3846963605847,3305.3644100639112
PER_5_8_2,1324.9840154919748,3305.3644100639112
PER_5_8_2,1324.9840154919748,2043.316304689868
PER_5_8_2,2026.3846963605847,2043.316304689868
PER_5_8_3,1682.1897585313,3411.8164526915257
PER_5_8_3,1682.1897585313,4647.842947645486
PER_5_8_3,1165.3059515505538,4647.842947645486
PER_5_8_3,1165.3059515505538,3411.8164526915257
PER_5_8_3,1682.1897585313,3411.8164526915257
PER_5_8_4,1494.1244832225184,4942.360265581883
PER_5_8_4,1494.1244832225184,6030.536701330824
PER_5_8_4,1099.0691250267082,6030.536701330824
PER_5_8_4,1099.0691250267082,4942.360265581883
PER_5_8_4,1494.1244832225184,4942.360265581883
PER_5_8_5,1374.6616353848767,6390.108045317431
PER_5_8_5,1393.5864429631056,6879.7874414044545
PER_5_8_5,1374.6616353848767,7465.273675856329
PER_5_8_5,1045.843103712914,7465.273675856329
PER_5_8_5,1045.8431037129103,6390.108045317431
PER_5_8_5,1374.6616353848767,6390.108045317431
PER_5_8_6,1351.005625912061,7663.9841554278755
PER_5_8_6,1351.005625912061,8577.106121078074
PER_5_8_6,1038.746300871062,8577.106121078074
PER_5_8_6,1038.746300871062,7663.9841554278755
PER_5_8_6,1351.005625912061,7663.9841554278755
PER_5_8_7,1403.0488467522282,8988.720685904846
PER_5_8_7,1403.0488467522282,10154.961952914038
PER_5_8_7,1028.1010966082995,10154.961952914036
PER_5_8_7,1028.1010966082995,8988.720685904846
PER_5_8_7,1403.0488467522282,8988.720685904846
PER_5_8_8,1705.8457680041138,10254.317192699811
PER_5_8_8,1705.845768004112,11405.182053551678
PER_5_8_8,1112.079930236754,11405.182053551678
PER_5_8_8,1112.079930236756,10254.31719269981
PER_5_8_8,1705.8457680041138,10254.317192699811
PER_5_8_9,1641.9745424275407,11478.51568291737
PER_5_8_9,1641.9745424275407,12492.175688826983
PER_5_8_9,1159.391949182358,12492.17568882698
PER_5_8_9,1159.391949182358,11478.515682917368
PER_5_8_9,1641.9745424275407,11478.51568291737
PER_5_8_10,1730.6845779505638,12708.62817550313
PER_5_8_10,1730.6845779505638,13824.009022145794
PER_5_8_10,1274.1235951254548,13872.503841565038
PER_5_8_10,971.3266738735765,13824.009022145792
PER_5_8_10,971.3266738735765,12708.628175503127
PER_5_8_10,1730.6845779505638,12708.62817550313
PER_5_8_11,1723.5877751087191,14099.60153250395
PER_5_8_11,1785.093399738007,14571.538921486368
PER_5_8_11,1723.5877751087191,15162.939158306446
PER_5_8_11,947.6706644007754,15162.939158306446
PER_5_8_11,955.9502677162527,14000.246292718175
PER_5_8_11,1295.4140036509816,13919.815860510644
PER_5_8_11,1723.5877751087191,14099.60153250395
PER_5_8_12,1857.2442286300466,15297.778412301428
PER_5_8_12,1857.2442286300666,16424.987263680494
PER_5_8_12,955.9502677162727,16424.987263680494
PER_5_8_12,955.9502677162582,15297.778412301428
PER_5_8_12,1345.0916235438635,15272.939602354982
PER_5_8_12,1857.2442286300466,15297.778412301428
PER_5_8_13,1930.1463099050707,16528.869045370335
PER_5_8_13,1930.1463099050707,17725.60890872851
PER_5_8_13,883.8636258997285,17725.60890872851
PER_5_8_13,883.8636258997285,16528.869045370335
PER_5_8_13,1930.1463099050707,16528.869045370335
PER_5_8_14,2035.6392747386708,17820.72551636536
PER_5_8_14,2035.6392747386708,19058.970808510523
PER_5_8_14,856.1933400417383,19058.970808510523
PER_5_8_14,856.1933400417383,17820.72551636536
PER_5_8_14,2035.6392747386708,17820.72551636536
PER_5_8_15,2075.415310659535,19205.969202131113
PER_5_8_15,2075.415310659535,20229.769778876835
PER_5_8_15,959.956912009211,20229.769778876835
PER_5_8_15,959.956912009211,19205.969202131113
PER_5_8_15,2075.415310659535,19205.969202131113
PER_5_8_16,2236.4978941817644,20272.08740007818
PER_5_8_16,2236.4978941817626,21486.121192097602
PER_5_8_16,1010.3583520994671,21486.121192097602
PER_5_8_16,1010.3583520994689,20272.08740007818
PER_5_8_16,2236.4978941817644,20272.08740007818
PER_5_7_16,917.5482187128782,20580.184164449704
PER_5_7_16,917.5482187128764,21308.41375903638
PER_5_7_16,659.6335706300943,21308.41375903638
PER_5_7_16,659.6335706300961,20580.184164449704
PER_5_7_16,917.5482187128782,20580.184164449704
PER_5_8_17,2386.6502827922504,21518.28548247629
PER_5_8_17,2386.6502827922504,22228.815052194543
PER_5_8_17,1180.5200167580624,22228.815052194543
PER_5_8_17,1180.5200167580624,21518.28548247629
PER_5_8_17,2386.6502827922504,21518.28548247629
PER_5_9_1,3532.673755656322,972.4288326499845
PER_5_9_1,3532.673755656153,2195.109588999951
PER_5_9_1,2683.3354235858424,2195.109588999955
PER_5_9_1,2453.3261723912765,2058.3246267444847
PER_5_9_1,2323.184069366507,1809.3025932600221
PER_5_9_1,2316.6808642195683,1539.2593261174015
PER_5_9_1,2347.421504786673,1326.5017348240235
PER_5_9_1,2427.5917142025755,1134.9917620656906
PER_5_9_1,2617.489505671132,927.0856327923238
PER_5_9_1,2941.2213954416893,875.5828321469962
PER_5_9_1,3532.673755656322,972.4288326499845
PER_5_9_2,2985.9791751576468,2274.498735010045
PER_5_9_2,2985.9791751576468,3042.349167569335
PER_5_9_2,2837.251388670924,3388.227740794251
PER_5_9_2,2098.800634835756,3395.145312258676
PER_5_9_2,2098.8006348357485,2274.4987350099673
PER_5_9_2,2432.5734579977834,2136.147305720059
PER_5_9_2,2513.854922705639,2144.794270050688
PER_5_9_2,2657.394530593976,2215.6993775618166
PER_5_9_2,2746.335521508341,2216.112826666399
PER_5_9_2,2985.9791751576468,2274.498735010045
PER_5_9_3,2928.9092105755226,3486.8031341633427
PER_5_9_3,2928.9092105755226,4756.177497898748
PER_5_9_3,1721.7929900206018,4756.177497898752
PER_5_9_3,1721.7929900206018,3486.8031341633427
PER_5_9_3,2299.410207306193,3462.591634037605
PER_5_9_3,2928.9092105755226,3486.8031341633427
PER_5_9_4,2795.7459598839396,4820.165033945347
PER_5_9_4,2795.7459598839396,6013.446111571277
PER_5_9_4,1548.8537034081492,6013.446111571291
PER_5_9_4,1548.8537034081492,4820.165033945363
PER_5_9_4,2181.8114924097263,4785.577176622873
PER_5_9_4,2795.7459598839396,4820.165033945347
PER_5_9_5,2548.4427800281483,6060.139718956551
PER_5_9_5,2579.571851618388,6540.910935739179
PER_5_9_5,2574.3836730200146,6656.780257769538
PER_5_9_5,2536.337029965267,6777.837758398267
PER_5_9_5,2508.666744107266,6916.189187688244
PER_5_9_5,2493.102208312146,7051.081831246011
PER_5_9_5,2311.5159573690817,7239.585653653586
PER_5_9_5,2107.4475991663676,7312.220154030816
PER_5_9_5,1467.5722387003207,7319.13772549531
PER_5_9_5,1467.5722387003116,6060.13971895665
PER_5_9_5,2548.4427800281483,6060.139718956551
PER_5_9_6,2403.1737792737167,7526.664869430259
PER_5_9_6,2584.7600302167357,8085.258765188484
PER_5_9_6,2403.1737792737167,8706.11080412719
PER_5_9_6,1417.41984558273,8706.11080412719
PER_5_9_6,1417.4198455827009,7526.664869430258
PER_5_9_6,2052.107027450418,7460.947940517526
PER_5_9_6,2403.1737792737167,7526.664869430259
PER_5_9_7,2683.335423585835,8735.510482851307
PER_5_9_7,2683.335423585835,9963.379417799726
PER_5_9_7,1455.4664886374176,9963.379417799726
PER_5_9_7,1455.4664886374176,8735.510482851307
PER_5_9_7,2683.335423585835,8735.510482851307
PER_5_9_8,2698.8999593809567,9992.779096523844
PER_5_9_8,2698.899959380955,11206.812888543267
PER_5_9_8,1752.922061610836,11206.812888543267
PER_5_9_8,1752.9220616108378,9992.779096523844
PER_5_9_8,2698.8999593809567,9992.779096523844
PER_5_9_9,2879.482641227738,11227.565602936762
PER_5_9_9,2888.974905218791,11771.911237280341
PER_5_9_9,2872.4156985878253,11974.170118272814
PER_5_9_9,2831.0176820104207,12136.213783161513
PER_5_9_9,2601.5543901242236,12459.118312465273
PER_5_9_9,1914.4814219302589,12453.705145019063
PER_5_9_9,1914.4814219302552,11227.565602936762
PER_5_9_9,2879.482641227738,11227.565602936762
PER_5_9_10,2895.918538380536,12505.250696357798
PER_5_9_10,2901.1067169789094,13698.531773983723
PER_5_9_10,1789.107104060833,13753.87234569971
PER_5_9_10,1771.8131753995895,12505.250696357798
PER_5_9_10,2895.918538380536,12505.250696357798
PER_5_9_11,2885.5421811837896,13812.671703147942
PER_5_9_11,2906.2948955772827,14378.183170370663
PER_5_9_11,2885.5421811837896,15045.728816694733
PER_5_9_11,1816.7773899188269,15045.728816694733
PER_5_9_11,1816.7773899188269,13812.671703147942
PER_5_9_11,2885.5421811837896,13812.671703147942
PER_5_9_12,2963.3648601593995,15116.633924205842
PER_5_9_12,3001.4115032141362,15663.122069901194
PER_5_9_12,2983.8631824573913,15955.062315218136
PER_5_9_12,2830.2016094678056,16302.997430367272
PER_5_9_12,1932.6467119492008,16296.079858902773
PER_5_9_12,1932.6467119491736,15116.633924205842
PER_5_9_12,2963.3648601593995,15116.633924205842
PER_5_9_13,3008.329074678695,16441.348859657235
PER_5_9_13,3122.469003842876,16880.61464765287
PER_5_9_13,3076.349513398127,17159.42793079628
PER_5_9_13,2902.836109845035,17498.007900859324
PER_5_9_13,2558.6869294862627,17582.748151299427
PER_5_9_13,2185.1380704033872,17520.490008118948
PER_5_9_13,2000.7242364655613,17193.603966043967
PER_5_9_13,1987.987283665172,16932.496433636603
PER_5_9_13,2019.1163552554426,16441.348859657235
PER_5_9_13,2558.6869294862627,16315.103180430146
PER_5_9_13,3008.329074678695,16441.348859657235
PER_5_9_14,3143.2217182364,17593.124508496174
PER_5_9_14,3155.561988491754,18106.493607845492
PER_5_9_14,3146.142809836567,18345.04431041343
PER_5_9_14,3148.945580377107,18490.509904177496
PER_5_9_14,2983.812501361006,18756.70273345837
PER_5_9_14,2674.251178324761,18822.722836310713
PER_5_9_14,2271.3026405176697,18696.17398314401
PER_5_9_14,2115.962355758493,18474.81169628007
PER_5_9_14,2115.9623557584,17593.124508496174
PER_5_9_14,2695.0038927181595,17593.124508496174
PER_5_9_14,3143.2217182364,17593.124508496174
PER_5_9_15,3324.0179583340723,18855.129388736153
PER_5_9_15,3324.017958334074,20032.845930566957
PER_5_9_15,2179.1598809596308,20032.845930566957
PER_5_9_15,2179.1598809596308,18855.129388736153
PER_5_9_15,3324.0179583340723,18855.129388736153
PER_5_9_16,3437.3068549979707,20138.176194375894
PER_5_9_16,3437.306854997967,21244.987628695602
PER_5_9_16,2323.577849213767,21244.987628695602
PER_5_9_16,2323.5778492137706,20138.176194375894
PER_5_9_16,3437.3068549979707,20138.176194375894
PER_5_9_17,3470.1653194543323,21300.328200411583
PER_5_9_17,3470.1653194543323,22126.97799041911
PER_5_9_17,2493.058350093972,22126.97799041911
PER_5_9_17,2493.058350093972,21300.328200411583
PER_5_9_17,3470.1653194543323,21300.328200411583
PER_5_10_2,4076.4190448626523,2473.9991282107203
PER_5_10_2,4076.4190448626523,3622.315991317415
PER_5_10_2,3690.7644357168792,3630.962955648063
PER_5_10_2,3011.1130393299445,3622.315991317415
PER_5_10_2,2999.0072892670705,3127.709631605812
PER_5_10_2,3006.8562546954618,2703.8654984725836
PER_5_10_2,3306.8392194372336,2475.728521076866
PER_5_10_2,4076.4190448626523,2473.9991282107203
PER_5_10_3,4029.725437477284,3772.7731706702734
PER_5_10_3,4029.725437477284,5000.642105618693
PER_5_10_3,2979.983967739692,5000.642105618692
PER_5_10_3,2979.983967739692,3772.7731706702734
PER_5_10_3,4029.725437477284,3772.7731706702734
PER_5_10_4,3839.4922222035857,5324.038571583929
PER_5_10_4,3882.727043856701,5503.895429660897
PER_5_10_4,3839.4922222035857,6225.052254834813
PER_5_10_4,2855.4676813787337,6225.052254834802
PER_5_10_4,2855.4676813787337,5324.038571583924
PER_5_10_4,3018.0306107944307,5083.652963192671
PER_5_10_4,3554.142399293043,5075.005998862029
PER_5_10_4,3839.4922222035857,5324.038571583929
PER_5_10_5,3517.8251491044484,6494.83754195014
PER_5_10_5,3619.859328205779,6925.4563656150685
PER_5_10_5,3619.859328205779,7191.782866998477
PER_5_10_5,3427.8967200663737,7428.709689657539
PER_5_10_5,3211.722611800851,7534.202654491135
PER_5_10_5,2935.0197532208713,7553.225976018504
PER_5_10_5,2635.834787381298,7446.003618318783
PER_5_10_5,2487.1070008942625,7203.888617061347
PER_5_10_5,2477.6377968417037,7142.3328365321195
PER_5_10_5,2493.6829970649414,7089.217690965573
PER_5_10_5,2508.6216317555372,6981.327551533525
PER_5_10_5,2520.7938526145263,6943.704323423834
PER_5_10_5,2570.58930158317,6782.699038425186
PER_5_10_5,2571.69586711581,6715.198540934388
PER_5_10_5,2588.2943501053505,6593.476332344356
PER_5_10_5,2633.685769597585,6453.255951315207
PER_5_10_5,2832.64087115234,6392.121499624556
PER_5_10_5,3128.711754226413,6301.145540944149
PER_5_10_5,3517.8251491044484,6494.83754195014
PER_5_10_6,3821.2323702722424,7644.841080632685
PER_5_10_6,3947.4866862184863,7824.296632974103
PER_5_10_6,3971.689549625091,8137.718047478176
PER_5_10_6,3924.037859603859,8795.041608910607
PER_5_10_6,3113.9106880273903,8795.041608910607
PER_5_10_6,2856.2311509748106,8692.853157504152
PER_5_10_6,2674.9532039025617,8407.534781714941
PER_5_10_6,2671.186114299515,7822.968545843511
PER_5_10_6,3037.8174019179587,7586.041723184449
PER_5_10_6,3378.5077965445253,7520.639818383921
PER_5_10_6,3656.9400479904252,7520.639818383921
PER_5_10_6,3821.2323702722424,7644.841080632685
PER_5_10_7,3897.3256563817613,8900.380301439096
PER_5_10_7,3956.125013829971,9407.092411213584
PER_5_10_7,3897.3256563817613,10067.720486073156
PER_5_10_7,2755.926364739573,10067.720486073156
PER_5_10_7,2755.9263647395674,8900.380301439096
PER_5_10_7,3319.70843909613,8822.557622463491
PER_5_10_7,3897.3256563817613,8900.380301439096
PER_5_10_8,3669.0457980533065,10202.613129630867
PER_5_10_8,3905.972620712404,10493.151131139792
PER_5_10_8,3905.972620712382,10942.79327633217
PER_5_10_8,3760.7036199578833,11243.707635037837
PER_5_10_8,3541.0202507762897,11357.50388608956
PER_5_10_8,3124.287045224055,11363.035742800432
PER_5_10_8,2875.2544725021235,11177.990706125107
PER_5_10_8,2743.8206146768352,10890.911490348433
PER_5_10_8,2743.82061467687,10249.306737016232
PER_5_10_8,3309.332081899556,10109.225914860142
PER_5_10_8,3669.0457980533065,10202.613129630867
PER_5_10_9,3944.019263767088,11567.104101003122
PER_5_10_9,3985.524692554076,11778.090030670315
PER_5_10_9,3985.524692554076,12245.026104523939
PER_5_10_9,3873.114156255977,12459.470819923383
PER_5_10_9,3686.3397267145283,12571.881356221482
PER_5_10_9,3312.2064830121435,12571.881356221482
PER_5_10_9,3055.9774665088426,12489.841759499319
PER_5_10_9,2879.3490887720145,12179.565291251514
PER_5_10_9,2889.127590597458,11831.200057204296
PER_5_10_9,2925.4068656197323,11651.844351443227
PER_5_10_9,3020.5234732565823,11470.258100500152
PER_5_10_9,3105.082175369309,11390.992496249157
PER_5_10_9,3442.49533259097,11371.68270713105
PER_5_10_9,3705.4467243137606,11387.593778604722
PER_5_10_9,3944.019263767088,11567.104101003122
PER_5_10_10,3918.9819504003335,12728.94315639995
PER_5_10_10,4065.3917504163055,12983.007221133543
PER_5_10_10,4065.3917504163055,13473.910668245906
PER_5_10_10,3930.465071970213,13683.477636896212
PER_5_10_10,3664.917885666742,13776.777999651486
PER_5_10_10,2987.413713043843,13776.777999651486
PER_5_10_10,2987.413713043832,12604.064209327506
PER_5_10_10,3712.2857621424973,12604.064209327506
PER_5_10_10,3918.9819504003335,12728.94315639995
PER_5_10_11,4084.051822967349,13880.126093780415
PER_5_10_11,4084.0518229673507,15067.193786066739
PER_5_10_11,3521.37886604324,15080.11229783286
PER_5_10_11,2987.413713043825,15067.193786066739
PER_5_10_11,2987.413713043825,13880.126093780415
PER_5_10_11,4084.051822967349,13880.126093780415
PER_5_10_12,4229.026232787084,15154.75258803707
PER_5_10_12,4229.026232787084,16379.14042542551
PER_5_10_12,3103.6803189388593,16379.14042542551
PER_5_10_12,3103.6803189388593,15154.75258803707
PER_5_10_12,4229.026232787084,15154.75258803707
PER_5_10_13,4247.686305338144,16555.693419562413
PER_5_10_13,4274.958719066613,16996.358209806556
PER_5_10_13,4247.686305338144,17592.04514124407
PER_5_10_13,3264.44402091719,17592.04514124407
PER_5_10_13,3232.8654366000064,17010.712111768902
PER_5_10_13,3264.44402091719,16555.693419562413
PER_5_10_13,3761.0890288144965,16406.412839153974
PER_5_10_13,4247.686305338144,16555.693419562413
PER_5_10_14,4123.754152517717,17761.384571487903
PER_5_10_14,4329.014950579316,18048.462610734907
PER_5_10_14,4329.014950579316,18458.299108237443
PER_5_10_14,4172.324563811466,18750.119202652826
PER_5_10_14,3850.235458963596,18875.277313270875
PER_5_10_14,3459.133334793918,18882.33696871273
PER_5_10_14,3176.4518842524303,18597.955210827535
PER_5_10_14,3154.5648481100834,18330.898155769395
PER_5_10_14,3169.219672021687,18036.979489165024
PER_5_10_14,3384.528201456744,17735.547547955674
PER_5_10_14,3546.72729363126,17672.390379321332
PER_5_10_14,3924.2349152410407,17672.390379321332
PER_5_10_14,4123.754152517717,17761.384571487903
PER_5_10_15,4466.693804877676,18892.7942676919
PER_5_10_15,4471.027766675914,20068.742568949936
PER_5_10_15,3435.210896894585,20065.853261084438
PER_5_10_15,3426.5429732981047,18904.351499153898
PER_5_10_15,4466.693804877676,18892.7942676919
PER_5_10_16,4616.93781388366,20312.88908358459
PER_5_10_16,4614.048506018105,21315.4789129127
PER_5_10_16,3523.334786792282,21315.4789129127
PER_5_10_16,3492.9970542045503,20737.61733981292
PER_5_10_16,3523.3347867924185,20363.451971230817
PER_5_10_16,3637.4624474795164,20203.095384695633
PER_5_10_16,3760.2751619187984,20115.160445604626
PER_5_10_16,4049.188818313214,20088.967724008427
PER_5_10_16,4336.674950930326,20143.864573452905
PER_5_10_16,4616.93781388366,20312.88908358459
PER_5_10_17,4686.281202655573,21371.820416289927
PER_5_10_17,4686.281202655573,22099.92599839564
PER_5_10_17,3508.888247464789,22099.92599839564
PER_5_10_17,3508.888247464789,21371.820416289927
PER_5_10_17,4686.281202655573,21371.820416289927
PER_5_11_1,5146.6638722012885,1195.777109555298
PER_5_11_1,5146.6638722012885,2368.331341109886
PER_5_11_1,4128.151078909754,2368.3313411098857
PER_5_11_1,4128.151078909754,1195.777109555298
PER_5_11_1,5146.6638722012885,1195.777109555298
PER_5_11_2,5211.5485657566205,2487.082206797978
PER_5_11_2,5211.5485657566205,3604.457415691174
PER_5_11_2,4733.3303693578855,3632.046927021873
PER_5_11_2,4225.223535684234,3604.4574156911726
PER_5_11_2,4225.223535684234,2487.0822067979752
PER_5_11_2,5211.5485657566205,2487.082206797978
PER_5_11_3,5225.343321421969,3666.5338161852405
PER_5_11_3,5225.343321421969,4857.481055293627
PER_5_11_3,4652.556037265898,4865.256502160992
PER_5_11_3,4119.4637422499,4857.481055293616
PER_5_11_3,4119.4637422499,3666.5338161852314
PER_5_11_3,5225.343321421969,3666.5338161852405
PER_5_11_4,5075.548733798811,4879.408674163948
PER_5_11_4,5075.548733798811,6002.147653065421
PER_5_11_4,3918.2155566678866,6002.14765306541
PER_5_11_4,3918.2155566678866,5341.712959593957
PER_5_11_4,4158.802480718197,4934.444898619906
PER_5_11_4,4474.867655450964,4879.408674163948
PER_5_11_4,5075.548733798811,4879.408674163948
PER_5_11_5,5130.5849582547635,6082.34329441552
PER_5_11_5,5130.5849582548035,7354.466311125985
PER_5_11_5,3847.454696653118,7354.466311126016
PER_5_11_5,3844.309769541336,6480.176574054267
PER_5_11_5,4064.454667365131,6137.37951887148
PER_5_11_5,4295.606810080148,6082.343294415509
PER_5_11_5,5130.5849582547635,6082.34329441552
PER_5_11_6,5245.374797834325,7368.618483128976
PER_5_11_6,5245.374797834325,8601.429910942354
PER_5_11_6,4001.556125129755,8601.429910942354
PER_5_11_6,4001.556125129755,7368.618483128975
PER_5_11_6,5245.374797834325,7368.618483128976
PER_5_11_7,5215.497990272554,8686.34294296011
PER_5_11_7,5223.360308051944,9909.719589438184
PER_5_11_7,4004.701052241524,9900.284808102879
PER_5_11_7,4004.701052241524,8675.33569806892
PER_5_11_7,5215.497990272554,8686.34294296011
PER_5_11_8,5149.454520925376,10024.509429017748
PER_5_11_8,5149.454520925374,11122.088991025066
PER_5_11_8,3976.396708235603,11122.088991025066
PER_5_11_8,3976.396708235605,10024.509429017748
PER_5_11_8,5149.454520925376,10024.509429017748
PER_5_11_9,5149.069393450098,11132.522268161138
PER_5_11_9,5149.069393450098,12294.572835959712
PER_5_11_9,4037.337659439818,12294.572835959718
PER_5_11_9,4037.337659439818,11132.522268161141
PER_5_11_9,4569.820813506902,11131.149422985141
PER_5_11_9,5149.069393450098,11132.522268161138
PER_5_11_10,5256.239426205841,12400.216979390627
PER_5_11_10,5256.239426205841,13595.28928186278
PER_5_11_10,4084.7540770719515,13595.28928186278
PER_5_11_10,4084.7540770719515,12400.216979390627
PER_5_11_10,5256.239426205841,12400.216979390627
PER_5_11_11,5375.746656453055,13623.593625868692
PER_5_11_11,5386.753901344246,14208.5500686577
PER_5_11_11,5389.898828456016,14900.434033246842
PER_5_11_11,4150.7975464191,14898.861569690958
PER_5_11_11,4150.797546419099,13626.738552980467
PER_5_11_11,5375.746656453055,13623.593625868692
PER_5_11_12,5363.102277325876,15070.665144204515
PER_5_11_12,5407.001988169281,15420.627551488138
PER_5_11_12,5363.102277325876,16116.35340886765
PER_5_11_12,4289.109668656829,16116.35340886765
PER_5_11_12,4289.109668656829,15070.665144204515
PER_5_11_12,4804.877714986926,14971.599940183798
PER_5_11_12,5363.102277325876,15070.665144204515
PER_5_11_13,5416.623983508183,16248.722207971226
PER_5_11_13,5416.623983508183,17373.033650428573
PER_5_11_13,4323.761812168517,17373.033650428573
PER_5_11_13,4323.761812168517,16248.722207971226
PER_5_11_13,4877.2689838398255,16231.425108856492
PER_5_11_13,5416.623983508183,16248.722207971226
PER_5_11_14,5507.826869749474,17459.51914600222
PER_5_11_14,5507.826869749473,18580.685661347805
PER_5_11_14,4418.109625521578,18580.685661347805
PER_5_11_14,4418.109625521578,17459.51914600222
PER_5_11_14,5507.826869749474,17459.51914600222
PER_5_11_15,5562.863094205431,18684.468256036176
PER_5_11_15,5605.31961021431,19178.221812583884
PER_5_11_15,5562.863094205442,19815.06955271707
PER_5_11_15,4495.160339759972,19815.06955271707
PER_5_11_15,4495.160339759932,18684.468256036176
PER_5_11_15,5023.5080945370755,18599.55522401842
PER_5_11_15,5562.863094205431,18684.468256036176
PER_5_11_16,5746.841330243916,19945.58402785547
PER_5_11_16,5746.841330243916,20984.98243829507
PER_5_11_16,4698.008138469002,20984.98243829507
PER_5_11_16,4698.008138469038,19945.58402785547
PER_5_11_16,5187.044304349056,19887.40287628775
PER_5_11_16,5746.841330243916,19945.58402785547
PER_5_11_17,5814.072887320508,21042.197797548506
PER_5_11_17,5814.072887320508,21995.015721819476
PER_5_11_17,4780.0889917227505,21995.015721819476
PER_5_11_17,4780.0889917227505,21042.197797548506
PER_5_11_17,5814.072887320508,21042.197797548506
PER_5_12_1,6327.308246968307,1313.8481365429616
PER_5_12_1,6327.308246968332,2587.8009908459876
PER_5_12_1,5616.223759040175,2587.800990845988
PER_5_12_1,5321.555993571164,2434.2914363801224
PER_5_12_1,5192.7491260308325,2125.507849810827
PER_5_12_1,5192.749126030831,1313.8481365429461
PER_5_12_1,6327.308246968307,1313.8481365429616
PER_5_12_2,6329.0727246058395,2658.3800963475546
PER_5_12_2,6329.072724605839,3803.5260831102573
PER_5_12_2,5233.3321116942225,3803.5260831102573
PER_5_12_2,5233.3321116942225,2658.3800963475546
PER_5_12_2,6329.0727246058395,2658.3800963475546
PER_5_12_3,6228.497499266133,4038.201608902921
PER_5_12_3,6281.431828392298,4378.745792947915
PER_5_12_3,6228.497499266133,4883.386397284021
PER_5_12_3,5730.914805480172,4953.965502785577
PER_5_12_3,5286.266440820393,4883.386397284019
PER_5_12_3,5286.266440820393,4038.201608902883
PER_5_12_3,5452.12733874904,3856.4604122364217
PER_5_12_3,5935.5942114346835,3845.8735464111887
PER_5_12_3,6228.497499266133,4038.201608902921
PER_5_12_4,6293.7831718550615,5043.953862300057
PER_5_12_4,6293.7831718550615,6206.744625438145
PER_5_12_4,5162.753006192672,6206.744625438143
PER_5_12_4,5162.753006192672,5043.953862300056
PER_5_12_4,5737.972716030327,5024.544608287129
PER_5_12_4,6293.7831718550615,5043.953862300057
PER_5_12_5,6316.721381143079,6310.848806052914
PER_5_12_5,6316.721381143119,7463.052703365765
PER_5_12_5,5510.355100787847,7463.052703365764
PER_5_12_5,5298.617784283162,7381.886732039012
PER_5_12_5,5215.8595493731245,7168.781135344285
PER_5_12_5,5190.984648393322,6847.250007864738
PER_5_12_5,5238.625544606852,6310.848806052935
PER_5_12_5,6316.721381143079,6310.848806052914
PER_5_12_6,6300.841082405218,7540.689719417507
PER_5_12_6,6300.841082405217,8657.604063979588
PER_5_12_6,5309.204650108395,8657.604063979588
PER_5_12_6,5309.204650108395,7540.689719417507
PER_5_12_6,6300.841082405218,7540.689719417507
PER_5_12_7,6323.779291693222,8738.77003530637
PER_5_12_7,6334.366157518454,9276.93571475572
PER_5_12_7,6323.779291693222,9947.437217020477
PER_5_12_7,5243.918977519463,9947.437217020477
PER_5_12_7,5243.918977519463,8738.77003530637
PER_5_12_7,6323.779291693222,8738.77003530637
PER_5_12_8,6397.8873524698565,10224.460206114072
PER_5_12_8,6397.887352469892,11239.0348476989
PER_5_12_8,5217.451812956377,11239.034847698875
PER_5_12_8,5217.45181295642,10224.460206114072
PER_5_12_8,5499.768234962591,10035.661098897417
PER_5_12_8,5969.119286547922,10012.722889609413
PER_5_12_8,6397.8873524698565,10224.460206114072
PER_5_12_9,6369.655710269231,11327.258729575844
PER_5_12_9,6369.655710269231,12470.640238701008
PER_5_12_9,5265.0927091699195,12470.640238701006
PER_5_12_9,5265.0927091699195,11327.258729575842
PER_5_12_9,6369.655710269231,11327.258729575844
PER_5_12_10,6429.647949945573,12643.559047179813
PER_5_12_10,6429.647949945553,13531.091298861846
PER_5_12_10,5330.378381758859,13531.091298861842
PER_5_12_10,5330.378381758859,12643.559047179813
PER_5_12_10,5797.96495570665,12521.810090189629
PER_5_12_10,6429.647949945573,12643.559047179813
PER_5_12_11,6627.269445349896,13649.311300576946
PER_5_12_11,6627.269445349896,14953.260274718145
PER_5_12_11,5436.247040011183,14953.260274718145
PER_5_12_11,5436.247040011183,13649.311300576945
PER_5_12_11,6627.269445349896,13649.311300576946
PER_5_12_12,6524.414173124692,15046.559252467356
PER_5_12_12,6524.414173124692,15818.788816315191
PER_5_12_12,6348.339707459016,16099.29726098396
PER_5_12_12,6007.875259349625,16198.763149780207
PER_5_12_12,5714.210103601348,16198.763149780207
PER_5_12_12,5565.552249909527,16183.407770946207
PER_5_12_12,5409.622174507,15844.268782296505
PER_5_12_12,5407.781587392334,15548.182546417844
PER_5_12_12,5455.257713299459,15302.421596533135
PER_5_12_12,5566.302815941071,15074.790894667978
PER_5_12_12,5641.263896860578,15023.518416451923
PER_5_12_12,5892.731178885781,14998.91835625381
PER_5_12_12,6524.414173124692,15046.559252467356
PER_5_12_13,6655.98578786993,16211.037518696983
PER_5_12_13,6655.98578786993,17430.2378520235
PER_5_12_13,5509.653112949226,17430.2378520235
PER_5_12_13,5509.653112949226,16211.037518696983
PER_5_12_13,6655.98578786993,16211.037518696983
PER_5_12_14,6679.090167364456,17467.560311206966
PER_5_12_14,6679.090167364455,18485.930268927223
PER_5_12_14,5628.729530344088,18485.930268927223
PER_5_12_14,5628.729530344089,17467.560311206966
PER_5_12_14,6679.090167364456,17467.560311206966
PER_5_12_15,6631.196244535694,18648.96856019153
PER_5_12_15,6849.799219753169,18949.325493620367
PER_5_12_15,6849.799219753169,19807.742054840055
PER_5_12_15,5675.030385454547,19807.742054840055
PER_5_12_15,5675.030385454547,18951.102753581486
PER_5_12_15,5840.315561838463,18682.73649945276
PER_5_12_15,6030.482377678021,18549.442002368964
PER_5_12_15,6293.516851923392,18549.442002368964
PER_5_12_15,6631.196244535694,18648.96856019153
PER_5_12_16,6839.135659986449,20157.86226718018
PER_5_12_16,6839.135659986449,21012.724308477635
PER_5_12_16,5882.969800905289,21012.724308477635
PER_5_12_16,5882.969800905289,20157.86226718018
PER_5_12_16,6393.043409745963,19916.154912468217
PER_5_12_16,6839.135659986449,20157.86226718018
PER_5_12_17,6841.433617087224,21062.938631347606
PER_5_12_17,7021.837692447381,21348.924815328573
PER_5_12_17,7111.624052534412,21530.991601060647
PER_5_12_17,7124.925735510323,21747.975304604348
PER_5_12_17,7087.952054542987,21947.56304802537
PER_5_12_17,5877.638021021933,21947.56304802537
PER_5_12_17,5877.638021021933,21071.373887194506
PER_5_12_17,6841.433617087224,21062.938631347606
PER_5_13_1,7493.605300029393,1431.164509584477
PER_5_13_1,7493.605300029393,2575.7199245440647
PER_5_13_1,6432.581103242322,2575.7199245440643
PER_5_13_1,6432.581103242322,1431.164509584477
PER_5_13_1,7493.605300029393,1431.164509584477
PER_5_13_2,7642.8951367632535,2657.473882755463
PER_5_13_2,7642.895136763253,3794.920257870581
PER_5_13_2,6391.704124136622,3794.9202578705804
PER_5_13_2,6391.704124136623,2657.4738827554625
PER_5_13_2,7642.8951367632535,2657.473882755463
PER_5_13_3,7660.667736374426,3816.2473774039895
PER_5_13_3,7660.667736374426,4982.1299118969855
PER_5_13_3,6409.476723747796,4982.1299118969855
PER_5_13_3,6409.476723747796,3816.247377403989
PER_5_13_3,7660.667736374426,3816.2473774039895
PER_5_13_4,7671.331296141129,5039.002230652742
PER_5_13_4,7671.331296141129,6238.652704406967
PER_5_13_4,6409.4767237477945,6238.652704406967
PER_5_13_4,6409.4767237477945,5039.002230652742
PER_5_13_4,7671.331296141129,5039.002230652742
PER_5_13_5,7669.5540361800095,6261.757083901493
PER_5_13_5,7669.5540361800095,7443.634958044545
PER_5_13_5,6405.922203825558,7443.634958044545
PER_5_13_5,6405.922203825558,6261.7570839014925
PER_5_13_5,7669.5540361800095,6261.757083901493
PER_5_13_6,7642.895136763248,7520.057136372592
PER_5_13_6,7642.895136763247,8609.517492537541
PER_5_13_6,6370.377004603209,8609.517492537541
PER_5_13_6,6370.37700460321,7520.057136372592
PER_5_13_6,7642.895136763248,7520.057136372592
PER_5_13_7,7618.0134973076065,8737.480209737987
PER_5_13_7,7618.0134973076065,9819.831526058471
PER_5_13_7,6388.1496042143835,9819.831526058464
PER_5_13_7,6388.1496042143835,8737.480209737983
PER_5_13_7,7017.299630449933,8650.39447164324
PER_5_13_7,7618.0134973076065,8737.480209737987
PER_5_13_8,7621.568017229839,9858.931245203054
PER_5_13_8,7621.568017229839,11069.245278723984
PER_5_13_8,6462.794522581313,11069.245278723984
PER_5_13_8,6462.794522581313,9858.931245203054
PER_5_13_8,7621.568017229839,9858.931245203054
PER_5_13_9,7602.018157657549,11166.994576585443
PER_5_13_9,7602.018157657549,12364.86779037855
PER_5_13_9,6441.467403047905,12364.86779037855
PER_5_13_9,6441.467403047905,11166.994576585443
PER_5_13_9,7602.018157657549,11166.994576585443
PER_5_13_10,7692.658415674533,12412.853809328719
PER_5_13_10,7692.658415674532,13601.840723316242
PER_5_13_10,6523.221361259301,13601.840723316242
PER_5_13_10,6523.221361259302,12412.853809328719
PER_5_13_10,7692.658415674533,12412.853809328719
PER_5_13_11,7662.444996335548,13747.576040127864
PER_5_13_11,7662.444996335548,14767.723257809237
PER_5_13_11,6695.615577487698,14767.723257809237
PER_5_13_11,6695.615577487687,13747.576040127864
PER_5_13_11,7164.812207222674,13713.808100866636
PER_5_13_11,7662.444996335548,13747.576040127864
PER_5_13_12,7594.9091178130775,14925.899394348682
PER_5_13_12,7594.9091178130775,15937.160312224467
PER_5_13_12,6663.624898187575,15937.160312224467
PER_5_13_12,6663.624898187575,14925.899394348682
PER_5_13_12,7594.9091178130775,14925.899394348682
PER_5_13_13,7708.653755324589,15983.369071213518
PER_5_13_13,7708.653755324589,17087.047507067404
PER_5_13_13,6718.719956982212,17087.047507067404
PER_5_13_13,6718.719956982212,15983.369071213518
PER_5_13_13,7708.653755324589,15983.369071213518
PER_5_13_14,7777.966893808179,17215.010224267855
PER_5_13_14,7806.403053186043,17668.21151435278
PER_5_13_14,7777.966893808179,18322.243180043977
PER_5_13_14,6743.60159643787,18322.243180043977
PER_5_13_14,6743.60159643787,17215.010224267855
PER_5_13_14,7251.897945317428,17151.028865667628
PER_5_13_14,7777.966893808179,17215.010224267855
PER_5_13_15,7701.5447154801195,18361.34289918856
PER_5_13_15,7932.588510425377,18794.9943297012
PER_5_13_15,7829.507432680569,19504.121054187028
PER_5_13_15,6892.8914331717615,19504.121054187028
PER_5_13_15,6892.891433171714,18656.368052734044
PER_5_13_15,7083.058249011272,18364.89741911079
PER_5_13_15,7701.5447154801195,18361.34289918856
PER_5_13_16,8010.78794871454,19706.728689754415
PER_5_13_16,8074.769307314765,20126.16204057811
PER_5_13_16,8010.78794871454,20764.198366619246
PER_5_13_16,6907.109512860666,20764.198366619246
PER_5_13_16,6907.109512860666,19706.728689754415
PER_5_13_16,7468.723660573742,19548.552553214966
PER_5_13_16,8010.78794871454,19706.728689754415
PER_5_13_17,8266.713383115446,20805.075345724952
PER_5_13_17,8286.62248262193,21893.458632694277
PER_5_13_17,7172.307270048731,21895.253531151324
PER_5_13_17,7127.332338843808,21552.471623048747
PER_5_13_17,7026.185930255631,21280.19095845663
PER_5_13_17,7026.185930255517,20805.075345724952
PER_5_13_17,8266.713383115446,20805.075345724952